g_contrainte,note,e_acces_dep,remarques,referent,globalid,i_prop_revet,g_niveau,e_note,nom,g_n_prog,g_com_dep,s_route_tgc,g_nom_iti,i_note,e_interpretation,e_balisage,s_note,i_nuissance,g_temps,e_sign_dir,lien_gpx,deniv_num,id,g_pt_dep,g_prc_goudron,dist_num,i_ens,g_diffusion,g_long,i_nat_cultu,e_pan_info_dep,g_balisage,i_site_emblem,s_route_gc,g_dev_cumul,g_usage,e_stationnement,s_autre,g_ref_editeur,g_note_prc_parc_priv,g_note_nb_parc_priv,temps_num_heure,temps_num_minute,g_note,i_revet,SHAPE__Length,objectid
NON,59,2,,C.C. Bugey Sud,{650A585B-FE8B-4AB4-A57F-FD603FFF3CA9},3,Moyen,18,Circuit_des_Sarrasins,PR01-1078,Culoz,7,Circuit des Sarrasins,16,0,6,20,2,4h00,6,Circuit_des_Sarrasins.gpx,450,9,Chatel,0.05,10,0,OUI,10 km,8,2,Jaune,0,7,450 m,pédestre,2,6,Pas d'édition,5,0,4,240,5,3,8466.55733246605,2492
OUI (neige),60,2,Site emblématique : Grand Colombier,C.C. Bugey Sud,{C9A2D48A-3EC5-40BF-9ABE-6935D2CA2B5B},3,Difficile,20,Circuit_des_scioux,PR01-1016,Culoz,7,Circuit des Scioux,20,2,6,20,2,5h00,6,Circuit_des_scioux.gpx,325,10,Carrefour de la Sapette,0.11,13.1,2,OUI,"13,1 km",8,2,Jaune et blanc/rouge,2,7,325 m,pédestre,2,6,L'Ain à pied (2015) / RP Bugey (2013),0,0,5,300,0,3,12918.1028591008,2493
NON,64,2,Site emblématique : Maison d'Izieu.,C.C. Bugey Sud,{14369AF0-CBCF-4D92-AF03-5BD61B56349D},2,Facile,20,La_croix_St_Clair,PR01-1081,Izieu,7,La Croix St Clair,14,2,6,20,2,1h35,6,La_croix_St_Clair.gpx,207,14,Maison des enfants d'Izieu,0.59,4.2,0,OUI,"4,2 km",8,2,Jaune (en projet),2,7,207 m,pédestre,2,6,Nouvel itinéraire en projet CC Bugey sud,5,5,2,95,10,0,4392.68819156283,2494
NON,53,2,Site emblématique : Vignoble bugiste. Table d'orientation au belvédère. ,C.C. Bugey Sud,{DBC3A765-6DDF-4E69-85E1-3258095A9CC0},2,Moyen,18,La_montagne_St_Benoit,PR01-1070,St-Benoit,7,La montagne de St-Benoit,15,2,6,20,2,4h00,6,La_montagne_St_Benoit.gpx,480,16,salle des fêtes de St-Benoît,0.21,12,0,OUI,12 km,6,0,Jaune,2,7,480 m,pédestre,2,6,RP Bugey (2013),0,0,4,240,0,3,11582.951166084,2495
OUI (neige),49,2,Site emblématique : plateau de Retord. Balisage peinture peu entretenu + signalétique directionnelle non conforme à la chartre car surnombre de lames. ,C.C. Bugey Sud,{D8523E5A-CEE5-4C4B-AD75-B73DDE2A2024},3,Moyen,12,La_ronde_des_Plans,PR01-1031,Haut-Valromey,7,La ronde des Plans,17,0,3,20,2,3h00,3,La_ronde_des_Plans.gpx,160,17,Maison des Plans,0.12,9,0,OUI,9 km,7,2,Jaune et blanc/rouge et jaune/rouge,2,7,160 m,pédestre,2,6,RP Bugey (2013),0,0,3,180,0,3,8684.05847207123,2496
OUI (neige),51,2,Site emblématique: l'Arvière rivière sauvage. Balisage et équipement mobilier signalétique prévu par la CCBS.,C.C. Bugey Sud,{C7F6A91D-2A25-46B2-A704-C63E81FD8D64},2,Facile,10,La_vie_du_Loup,,Champagne-en-Valromey,7,La vie du loup,16,0,3,20,2,2h10,3,La_vie_du_Loup .gpx,157,18,Office de tourisme,0.48,7.1,2,OUI,"7,1 km",6,0,Non balisé sur la moitié ensuite balisage GRP),2,7,157 m,pédestre,2,6,Pas d'édition,5,0,3,130,5,2,7208.48394194254,2497
OUI (neige),61,2,,C.C. Bugey Sud,{96DE782B-A68A-4B25-8C1F-D5C08CC19EA8},2,Facile,10,Le_bois_du_Geay,PR01-1028,Haut-Valromey,7,Le Bois du Geay,11,0,3,20,2,2h30,3,Le_bois_du_Geay.gpx,200,21,Eglise de Songieu,0.25,8,0,OUI,8 km,4,0,Jaune,0,7,200 m,pédestre,2,6,RP Bugey (2013),10,10,3,150,20,3,6100.06109987425,2498
OUI (neige),65,2,Site emblématique : Grand Colombier,C.C. Bugey Sud,{990B2427-2FBD-4AF3-A328-41086D38F0BE},3,Difficile,20,Le_Grand_Colombier_depuis_Culoz__AR,PR01-1014,Culoz,7,Le Grand Colombier depuis Culoz (A/R),20,2,6,20,2,8h00,6,Le_Grand_Colombier_depuis_Culoz_AR.gpx,1300,24,Gîte d'étape de Culoz,0.08,26,2,OUI,26 km,8,2,Blanc et rouge,2,7,1300 m,pédestre,2,6,RP Bugey (2013),5,0,8,480,5,3,12825.6033730311,2499
NON,54,2,,C.C. Bugey Sud,{ED0624CE-CF04-4485-92F5-99B19A3BBE82},3,Facile,18,le_Jugeant,PR01-1077,Culoz,7,Le Jugeant,16,0,6,20,2,0h45,6,Le_Jugeant.gpx,60,26,Parking de la salle-des-fêtes,0,2,0,OUI,2 km,8,2,Jaune,0,7,60 m,pédestre,2,6,Pas d'édition,0,0,1,45,0,3,2085.72866462314,2500
OUI (neige),57,2,"Site emblématique : Chartreuse d'Arvières, l'Arvière rivière sauvage, Réserve biologique intégrale de la forêt d’Arvière. Passages délicats sur chemin surplombant le ruisseau d'Arvières. ",C.C. Bugey Sud,{207BDC80-7DD5-490C-9870-902ED4F802D2},3,Moyen,18,Le_sentier_des_Chartreux,PR01-1024,Lochieu,7,Le sentier des Chartreux,20,2,6,17,2,3h30,6,Le_sentier_des_Chartreux.gpx,570,29,RD120,0.06,8.5,2,OUI,"8,5 km",8,0,Jaune et jaune/rouge,2,7,570 m,pédestre,2,3,RP Bugey (2013),0,2,4,210,2,3,8307.63265667319,2501
NON,73,2,"Site emblématique : Réserve naturelle du Haut-Rhône français, vignoble bugiste.",C.C. Bugey Sud,{B1E583A8-CBDB-4130-B096-7674077F8BB1},3,Facile,16,Le_tour_de_Groslée,PR01-1069,Groslée,7,Le Tour de Groslée,17,0,6,20,2,2h00,6,Le_tour_de_Groslee.gpx,125,30,Place de l'église,0.38,7.5,0,OUI,"7,5 km",8,0,Jaune,2,7,125 m,pédestre,2,6,RP Bugey (2013),10,10,2,120,20,2,7423.56513903969,2502
OUI (neige),50,2,Site emblématique : plateau de Retord.,C.C. Bugey Sud,{E689F8C0-4AC1-49C7-85CF-2F1963A67A2E},3,Difficile,12,Le_tour_de_Retord,PR01-1030,Haut-Valromey,7,Le tour de Retord,18,0,3,20,2,6h00,3,Le_tour_de_Retord.gpx,350,31,Maison des Plans,0.06,18,0,OUI,18 km,8,2,Jaune et blanc/rouge et jaune/rouge,2,7,350 m,pédestre,2,6,RP Bugey (2013),0,0,6,360,0,3,17371.6418551114,2503
OUI (neige),56,2,"Site emblématique : Chartreuse d'Arvières, Réserve biologique intégrale de la forêt d’Arvière.",C.C. Bugey Sud,{093379AB-B07C-4C2C-B842-17B29E0FA1FB},3,Moyen,16,Les_crêtes_d_Hergues,PR01-1025,Brénaz,7,Les crêtes d'Hergues ,20,0,6,20,2,3h00,6,Les_cretes_d_Hergues.gpx,350,32,Grange d'en-Bas,0.03,8.5,2,OUI,"8,5 km",8,0,Jaune et blanc/rouge,2,7,350 m,pédestre,2,6,RP Bugey (2013),0,0,3,180,0,3,11767.1392953377,2504
OUI (neige),51,2,Site emblématique : Réserve biologique intégrale de la forêt d’Arvière.,C.C. Bugey Sud,{0D48BE78-B748-49D9-A7B3-E462E86AC073},3,Moyen,13,les_crêtes_de_Sur_Lyand,PR01-1026,Brénaz,7,Les crêtes de Sur Lyand,18,0,3,20,2,3h30,6,Les_cretes_de_Sur_Lyand.gpx,440,33,Grange d'en-Bas,0,9.3,2,OUI,"9,3 km",8,0,Jaune et blanc/rouge,0,7,440 m,pédestre,2,6,L'Ain à pied (2015) / RP Bugey (2013),0,0,4,210,0,3,8034.10159381001,2505
OUI (neige),55,2,Sculptures de champignons en bois (+ livret d'accompagnement vendu 4euros),C.C. Bugey Sud,{E56E184C-5502-4AF1-8E07-E29D1B444415},3,Facile,20,Sentier_de_la_boucle_d_oreille,,Haut-Valromey,7,Sentier de la boucle d'oreille (sentier d'interprétation),13,2,6,20,2,1h30,6,Sentier_de_la_boucle_d_oreille.gpx,124,41,Maison des Plans,0.36,4.6,0,OUI,"4,6 km",6,2,Petits panneaux chenille,0,7,124 m,pédestre,2,6,Livret Office de Tourisme,0,2,2,90,2,2,4538.65062881425,2506
OUI (neige),56,2,"Beaux points de vue, sentiers bien marqués et bien entretenus.",C.C. Bugey Sud,{25226599-2EB2-4D6A-B95A-54ABC26D72F5},3,Facile,20,Sentier_nature_de_Parnaud,,Chavornay,7,Sentier nature de Parnaud (sentier d'interprétation),14,2,6,20,2,1h50,6,Sentier_nature_de_Parnaud.gpx,253,47,Place de la mairie,0.18,4.8,0,OUI,"4,8 km",6,2,Jaune,0,7,253 m,pédestre,2,6,Pas d'édition,0,2,2,110,2,3,4326.63645975975,2507
NON,62,2,Site emblématique : Vignoble bugiste. Quelques panoramas sur l'avant pays Savoyard mais beaucoup de routes.,C.C. Bugey Sud,{C9FB5C94-5A64-45BD-A931-2A4F7BEFD146},2,Très facile,18,Tour_de_Nattages,,Nattages,7,Le tour de Nattages (sans connection à Sorbier),11,0,6,20,2,1h40,6,Tour_de_Nattages.gpx,190,48,Mairie de Nattages,0.5,4.8,0,OUI,"4,8 km",5,2,Jaune,2,7,190 m,pédestre,2,6,Pas d'édition,8,5,2,100,13,0,4928.50572330353,2508
"OUI (Neige)
",56,2,"Vue panoramique sur les Alpes, alpages de Sur-Lyand, Griffe du diable",C.C. Usses et Rhône,{613BE430-725E-4B2A-BB91-02863D1915AE},3,Moyen,18,Boucle_des_platieres_29,,"Corbonod
",7,Boucle des Platières,18,0,6,20,2,3h00,6,Boucle_des_platieres_29.gpx,270,52,"Auberge de Sur-Lyand
",0,9.5,2,OUI,"9,5 km",8,2,Jaune,0,7,270 m,pédestre,2,6,,0,0,3,180,0,3,9369.39520944011,2509
"OUI (Neige)
",57,2,"Site emblématique : croix de Famban, vue panoramique sur les Alpes, alpages de Sur-Lyand",C.C. Usses et Rhône,{E715670F-DC9C-4E08-9325-17502A870992},3,Très facile,18,Boucle_de_la_Croix_Famban_28,RP Bugey,"Corbonod
",7,Boucle de la croix de Famban,19,0,6,20,2,1h30,6,Boucle_de_la_Croix_Famban_28.gpx,85,51,"Auberge de Sur-Lyand
",0.05,4.3,2,OUI,"4,3 km",7,2,Jaune,2,7,"85 m
",pédestre,2,6,,0,0,2,90,0,3,4270.84477271941,2510
"NON
",70,2,"Vue panoramique sur les Alpes, alpages de Sur-Lyand",C.C. Usses et Rhône,{A7483A7D-EA4F-412D-BAD7-262A8027986E},3,Difficile,18,Montee_de_Sur_Lyand_27,Fiche rando CCUR,"Corbonod
",7,Montée de Sur-Lyand (Aller simple),16,0,6,20,2,3h15,6,Montee_de_Sur_Lyand_27.gpx,980,50,"Mairie de Corbonod
",0.035,8.5,2,OUI,"8,5 km
",6,2,Jaune,0,7,980 m,pédestre,2,6,,8,8,4,195,16,3,16273.5687528532,2511
NON,72,2,"Site emblématique : cascade d'Eilloux, Panorama de Volage, vignes",C.C. Usses et Rhône,{D2BBE2ED-4129-434C-8288-E4C92E78E0B6},3,Facile,20,Cascade_d_eilloux_31,"RP Bugey, Fiche rando CCUR
",Corbonod,7,La cascade d'Eilloux,16,2,6,20,1,1h20,6,Cascade_d_eilloux_31.gpx,130,53,Gare de Corbonod,0.45,5,0,OUI,5 km,8,2,Jaune,2,7,130 m,pédestre,2,6,,8,8,2,80,16,2,5720.96387136531,2512
NON,55,2,Site emblématique : Madone. Nuisance : ligne TGV,C.C. de Miribel-et-du-Plateau,{9823A3A2-48B4-4688-9696-370295AA9208},0,Difficile,18,Circuit_de_la_madone_de_Miribel_circuit_long,Cartoguide CCMP,Miribel,7,Circuit de la Madone - version longue,10,0,6,20,1,5h00,6,Circuit_de_la_madone_de_Miribel_circuit_long.gpx,266,54,Parking de la Madone (Mas Rillier),0.44,16.7,0,OUI,"16,7 km",5,2,Jaune,2,7,266 m,pédestre,2,6,,5,2,5,300,7,2,16708.9201532008,2513
NON,66,2, Nuisance : ligne TGV.,C.C. de Miribel-et-du-Plateau,{ADC9FC89-C559-420C-AAAF-F2C547FAA187},2,Facile,20,Circuit_de_l_Arboretum_de_Beynost,Cartoguide CCMP,Beynost,7,L'Arboretum,10,2,6,20,1,1h50,6,Circuit_de_l_Arboretum_de_Beynost.gpx,160,55,Ancienne cure,0.37,6,0,OUI,6 km,5,2,Jaune,0,7,160 m,pédestre,2,6,,8,8,2,110,16,2,6575.22711565001,2514
NON,63,2, ,C.C. de Miribel-et-du-Plateau,{5528BCEF-AB96-4D25-955E-05B6080D3581},0,Très facile,18,Circuit_des_Epinettes,Cartoguide CCMP,Neyron,7,Les Epinettes,5,0,6,20,2,1h00,6,Circuit_des_Epinettes.gpx,29,56,Place à côté de l'église St-Didier,1,3.7,0,OUI,"3,7 km",3,2,Jaune,0,7,29 m,pédestre,2,6,,10,10,1,60,20,0,3899.05600248588,2515
NON,50,2,Nuisance : ligne TGV.,C.C. de Miribel-et-du-Plateau,{0117F546-A89A-4466-ACAE-445D951A8389},3,Moyen,18,Circuit_des_Sources_de_St_Maurice_de_Beynost,Cartoguide CCMP,St-Maurice-de-Beynost,7,Circuit des sources,12,0,6,20,1,3h30,6,Circuit_des_Sources_de_St_Maurice_de_Beynost.gpx,184,57,Parking du cimetière,0.12,11.5,0,OUI,"11,5 km",5,2,Jaune,0,7,184 m,pédestre,2,6,,0,0,4,210,0,3,11490.3552861578,2516
NON,60,2,Site emblématique : Tour de Sermenaz.,C.C. de Miribel-et-du-Plateau,{F1CBD118-3F9E-494B-BD48-4FF258566090},0,Facile,18,Circuit_du_fort_de_Sermenaz,RP Dombes (2017) / Cartoguide CCMP,Neyron,3,Circuit du Fort de Sermenaz,10,0,6,16,2,1h20,6,Circuit_du_fort_de_Sermenaz.gpx,133,58,Parking de la mairie de Neyron,0.86,4.5,0,OUI,"4,5 km",6,2,Jaune,2,7,133 m,pédestre,2,6,,8,8,2,80,16,0,4558.46742387464,2517
NON,60,2,Site emblématique : Grand étang neuf et étang du Gravier. Autre point d'intérêt :forêt du Noyer,C.C. de Miribel-et-du-Plateau,{0E599180-20ED-4A98-952C-C90962C1F4B2},0,Moyen,18,Grand_etang_neuf,Future édition du cartoguide CCMP,Tramoyes,7,Grand Etang Neuf,12,0,6,20,2,3h00,6,Grand_etang_neuf.gpx,76,59,Parking face à la Mairie,0.49,12.3,0,OUI,"12,3 km",6,2,Jaune,2,7,76 m,pédestre,2,6,,5,5,3,180,10,2,12248.7478885527,2518
NON,56,2,Point de vue sur le Beaujolais.,C.C. de Miribel-et-du-Plateau,{49E61B16-2C70-471F-83B1-8B99978B7CCF},3,Facile,18,La_Cote_Michon,Future édition du cartoguide CCMP,Miribel (Les Echets),7,La côte Michon,13,0,6,20,2,1h40,6,La_Cote_Michon.gpx,45,60,Parking de l'école,0.2,6.3,0,OUI,"6,3 km",5,2,Jaune,0,7,45 m,pédestre,2,6,,0,5,2,100,5,3,6342.03396772989,2519
NON,64,2,"Site emblématique : Canal de Miribel. Nuisances : A42, station dépuration, Aire gens du voyage, Motocross",C.C. de Miribel-et-du-Plateau,{C0D218FB-F696-4E05-89F9-3A37240E4733},3,Très facile,18,La_Sereine,Future édition du cartoguide CCMP,Thil,7,La Sereine,13,0,6,20,0,1h30,6,La_Sereine.gpx,14,61,Parking de la mairie,0.24,5.9,0,OUI,"5,9 km",5,2,Jaune,2,7,14 m,pédestre,2,6,,8,5,2,90,13,3,5985.04749989216,2520
NON,53,2,Point d'intérêt : marais des Echets,C.C. de Miribel-et-du-Plateau,{F8514992-54A5-474E-B72F-D7FE2B47FCAD},0,Facile,18,Le_marais_des_Echets,Future édition du cartoguide CCMP,Miribel (Les Echets),7,Le marais des Echets,10,0,6,20,2,2h00,6,Le_marais_des_Echets.gpx,24,62,Parking de l'école,0.35,7.9,0,OUI,"7,9 km",6,2,Jaune,0,7,24 m,pédestre,2,6,,0,5,2,120,5,2,7973.40564639597,2521
NON,74,2,Site emblématique : Canal de Miribel. Autres points d'intérêt : étangs de Thil.,C.C. de Miribel-et-du-Plateau,{F4B8F8FB-52C3-4A07-9203-2C1646F91D88},3,Très facile,18,Les_etangs_de_Thil,Future édition du cartoguide CCMP,Thil,7,Les étangs de Thil,16,0,6,20,2,1h00,6,Les_etangs_de_Thil.gpx,8,63,Parking de la mairie,0.19,3.8,0,OUI,"3,8 km",6,2,Jaune,2,7,8 m,pédestre,2,6,,10,10,1,60,20,3,3804.78849259399,2522
NON,46,2,Site emblématique : Grand étang neuf et étang du Gravier. Autre point d'intérêt :forêt du Noyer. Nuisance : Ligne TGV,C.C. de Miribel-et-du-Plateau,{2F1A6B13-5FBE-4F82-9C0E-81A26F329D66},0,Difficile,18,Tour_de_Tramoyes,Future édition du cartoguide CCMP,Tramoyes,7,Tour de Tramoyes,8,0,6,20,1,5h30,6,Tour_de_Tramoyes.gpx,132,64,Parking face à la Mairie,0.31,21.8,0,OUI,"21,8 km",5,2,Jaune,0,7,132 m,pédestre,2,6,,0,0,6,330,0,2,21808.5881756078,2523
OUI (gabion impraticable en cas de forte pluie),68,2,Site emblématique : Madone.,C.C. de Miribel-et-du-Plateau,{0E0FFF5A-4EDE-4CBB-AAB4-C58CE9B1F15E},0,Facile,18,Circuit_de_la_madone_de_Miribel_circuit_court,RP Dombes (2017) / Cartoguide CCMP,Miribel,7,Circuit de la Madone - version courte,10,0,6,20,2,1h30,6,Circuit_de_la_madone_de_Miribel_circuit_court.gpx,86,65,Parking de la Madone (Mas Rillier),0.63,5.2,0,OUI,"5,2 km",6,2,Jaune,2,7,86 m,pédestre,2,6,,10,10,2,90,20,0,4626.34752014381,2524
ouvert toute l'année,62,2, ,C.C. du Pays-Bellegardien,{76B2692B-4633-40E0-A3F2-34D51FDC989E},0,Moyen,19,Circuit_de_la_Michaille,"Cartoguide local ""Promenades et randonnées en Terre Valserine"" (11), RP Gex* (1/modifié)",Châtillon-en-Michaille,7,Circuit de la Michaille,10,0,6,20,2,3h30,6,Circuit_de_la_Michaille.gpx,327,66,Place Clertan,0.4,12,0,OUI,12 km,6,2,Jaune,0,7,327 m,pédestre,3,6,,8,5,4,210,13,2,9768.4120533224,2525
ouvert toute l'année,55,2, ,C.C. du Pays-Bellegardien,{6B55FBBB-52C8-4362-943C-BE92CE9D7E10},3,Très facile,19,La_Namphee,"Cartoguide local ""Promenades et randonnées en Terre Valserine"" (8), tracé différent de l'itinéraire du même nom dans topoguide RP Gex*",Champfromier,7,La Namphée,16,0,6,20,2,1h45,6,La_Namphee.gpx,132,67,Camping des Géorennes,0,3.6,2,OUI,"3,6 km",6,2,Jaune,0,7,132 m,pédestre,3,6,,0,0,2,105,0,3,3622.24700295404,2526
ouvert toute l'année,59,2, ,C.C. du Pays-Bellegardien,{A0F1FC21-46BD-4DFE-9EE6-1D4A179AAC43},3,Facile,19,Le_dragon_sous_roche,"Cartoguide local ""Promenades et randonnées en Terre Valserine"" (7), RP Gex* (13/modifié)",Champfromier,7,Le dragon sous roche,20,0,6,20,2,2h00,6,Le_dragon_sous_roche.gpx,180,74,salle des fêtes,0.01,5,2,OUI,5 km,8,2,Jaune,2,7,180 m,pédestre,3,8,,0,0,2,120,0,3,4492.65268105893,2527
ouvert toute l'année,67,2, ,C.C. du Pays-Bellegardien,{23470CD5-5A75-48A4-A269-29F6072486DF},3,Facile,19,Le_sentier_de_Saint_Pierre,"Cartoguide local ""Promenades et randonnées en Terre Valserine"" (18)",Chanay,7,Le sentier de Saint-Pierre (NOUVEAU),12,0,6,20,2,1h30,6,Le_sentier_de_Saint_Pierre.gpx,154,77,City stade,0.33,4,0,OUI,4 km,5,2,Jaune,0,7,154 m,pédestre,3,5,,8,8,2,90,16,2,3535.17590751266,2528
ouvert toute l'année,60,2, ,C.C. du Pays-Bellegardien,{8D6BC937-ECA3-4F0F-AA82-75DDBFE81B64},3,Difficile,19,Le_sentier_des_charbonniers,"Cartoguide local ""Promenades et randonnées en Terre Valserine"" (17)",Chanay,7,Le sentier des charbonniers (NOUVEAU),13,0,6,20,2,4h00,6,Le_sentier_des_charbonniers.gpx,423,78,City stade,0.17,9,0,OUI,9 km,5,2,Jaune et rouge/jaune,0,7,423 m,pédestre,3,5,,8,0,4,240,8,3,8566.87433759205,2529
ouvert toute l'année,60,2, ,C.C. du Pays-Bellegardien,{4E2DC536-BAB1-451F-A92C-02528B3650C4},3,Facile,17,Le_sentier_du_pont_romain,"Cartoguide local ""Promenades et randonnées en Terre Valserine"" (16)",Valserhône ,7,Le sentier du pont romain (NOUVEAU),13,0,6,20,2,2h30,6,Le_sentier_du_pont_romain.gpx,132,79,Arlod - Route d'Ochiaz,0.21,6.9,0,OUI,"6,9 km",5,2,Jaune et rouge/jaune,0,7,132 m,pédestre,1,5,,8,2,3,150,10,3,6918.1724499906,2530
Enneigé du 1er Novembre au 1er Mai / Balisé raquette l'hiver,51,2,"Sites emblématiques : la Roche Fauconnière, cirque des Avalanches. Itinéraire labellisé PR. 2 Passage communs aux circuits Tour des Belvédères et Cirque des Avalanches sont au bord de falaises non sécurisées mais pas de danger important.",C.C. du Pays-Bellegardien,{199468EE-6D27-4E7C-A979-DC394C6F4721},3,Moyen,19,Le_tour_des_belvederes,"Cartoguide local ""Promenades et randonnées en Terre Valserine"" (5), RP Gex*(12/""Le tour de Giron"" modifié), L'Ain à pied (14 /""Le tour de Giron"" modifié)",Giron,7,Le tour des belvédères,18,0,6,14,2,4h30,6,Le_tour_des_belvederes.gpx,285,80,Parking à gauche après le cimetière,0.15,15,0,OUI,15 km,8,2,Jaune et rouge/blanc,2,7,285 m,pédestre,3,8,,0,0,5,270,0,3,12741.4948531446,2531
Zone de qiétude du 15 Décembre au 30 Juin,60,2,"Sites emblématiques : crêt de la Goutte, RNN de la Haute-Chaîne du Jura",C.C. du Pays-Bellegardien,{D3BEB1B3-6FF9-4FD0-9E19-2D05C8294D2D},2,Difficile,21,Au_fil_de_l_alpage,"Cartoguide local ""Promenades et randonnées en Terre Valserine"" (10), RP Gex* (16/modifié)",Lancrans,7,Au fil de l’Alpage,17,2,6,20,2,4h00,6,Au_fil_de_l_alpage.gpx,550,83,Parking de La Charnaz,0.16,8,0,OUI,8 km,8,2,Jaune et rouge/blanc et rouge et jaune,2,7,550 m,pédestre,3,8,,0,2,4,240,2,3,9259.08852056261,2532
NON,40,2,Passage délicat Bief d'Alex,C.A. Haut-Bugey,{15431F28-5BE8-441F-8FF3-144112A5E49A},0,Difficile,14,Borne_du_Pre_Carrel,RP Gex* (fiche 2),Groissiat,7,Borne du Pré Carrel,9,2,3,17,2,4h30,3,Borne_du_Pre_Carrel.gpx,590,94,Hameau d'Alex - Rue de la Combette,0.12,12.5,0,OUI,"12,5 km",4,2,Jaune,0,7,590 m,pédestre,2,3,,,0,5,270,0,3,10836.131268082,2533
NON,49,2,Attention suite à des éboulements le cricuits est fortement déconseillé -- Site emblématique : Les Fècles. Falaise (barre des Fècles) / Passage à gué à proximité de la Tour glissant et difficile (à éviter par temps humide),C.A. Haut-Bugey,{8CD94B33-12AA-4641-B628-71056A5A9D1C},3,Difficile,18,Du_Landeyron_aux_Fecles,"RP Gex* (5), L'Ain à pied (12), carte rando OT",Montréal-La-Cluse,7,Du Landeyron aux Fècles,17,0,6,14,2,5h30,6,Du_Landeyron_aux_Fecles.gpx,540,98,Chemin du Mont,0.04,12.5,0,OUI,"12,5 km",7,2,Jaune,2,7,540 m,pédestre,2,0,,,0,6,330,0,3,10321.022894999,2534
OUI (neige),49,2, ,C.A. Haut-Bugey,{D3E6E473-D411-4962-AC54-9EDD6AC3659D},0,Difficile,12,La_chartreuse_de_Meyriat,Trail,Brénod,7,La Chartreuse de Meyriat,12,0,3,20,2,6h00,3,La_chartreuse_de_Meyriat.gpx,700,100,Place de l'église,0.3,17.5,2,OUI,"17,5 km",6,2,Jaune,0,7,700 m ,pédestre,2,6,,27,5,6,360,5,2,17570.6807963752,2535
NON,38,2,Mise en valeur par la commune. Montée raide potentiellement glissante. Falaise.,C.A. Haut-Bugey,{8A10DC34-F6CB-4950-A04E-5E4DCCD8960D},3,Difficile,7,La_foret_de_Niermes,RP Gex* (fiche 2),Oyonnax,7,La forêt de Niermes,14,0,3,17,2,5h00,0,La_foret_de_Niermes.gpx,530,101,HLM de Niermes,0.06,14,0,OUI,14 km,6,0,Jaune,0,7,530 m,pédestre,2,3,,58,0,5,300,0,3,11323.592641999,2536
NON,44,2,Secteur de la grotte de lordon très raide et glissant par temps humide.,C.A. Haut-Bugey,{31415FA4-234E-4697-9D56-C2C303A3798F},3,Difficile,14,La_grotte_de_Lordon,"RP Gex* (1), carte rando OT",Oyonnax,7,La Grotte de Lordon,13,2,3,17,2,4h00,3,La_grotte_de_Lordon.gpx,640,102,Place des déportés,0.02,11,0,OUI,11 km,5,2,Jaune,0,7,640 m,pédestre,2,3,,,0,4,240,0,3,9640.40581248977,2537
NON,43,2,"Attention suite à des éboulements le cricuits est fortement déconseillé -- Site emblématique : lac de Nantua, Fècles. D1084 longé sur 900 mètres /Passage en bords de falaises/ Passage glissant en redescendant sur Nantua.",C.A. Haut-Bugey,{85A929C4-E063-45B4-BA87-60140B0EE343},3,Difficile,10,La_Roche_Merveilleuse,"RP Gex* (5 : Tour d'Horizon), Le Haut-Bugey à pied (14 : Tour d'Horizon), Trail",Nantua,7,La Roche Merveilleuse,16,0,3,17,1,6h00,3,La_Roche_Merveilleuse.gpx,600,103,Parking de l'embarcadère,0.09,14,0,OUI,14 km,7,0,Jaune,2,7,600 m,pédestre,2,3,,64,0,6,360,0,3,14788.0670185006,2538
OUI (neige),52,2, ,C.A. Haut-Bugey,{7DBC1C75-4F2C-4803-9146-BB8386B61971},0,Moyen,18,La_ronde_des_etangs_marrons,"RP Gex* (7), Le Haut-Bugey à pied (23), L'Ain à pied (13), carte Rando OT, Trail",Brénod,7,La Ronde des étangs Marrons,12,0,6,20,2,3h30,6,La_ronde_des_etangs_marrons.gpx,110,104,Place de l'église,0.42,11,2,OUI,11 km,6,2,Jaune,0,7,110 m,pédestre,2,6,,33,0,4,210,2,2,11413.3969223375,2539
OUI (neige),50,2,Site emblématique : Lac Genin. Uniquement dans la forêt.,C.A. Haut-Bugey,{34665696-8341-4993-A5BF-47BAA0D57512},3,Difficile,12,Lac_Genin,"RP Gex* (1), Le Haut-Bugey à pied (6), carte rando OT, Trail",Oyonnax,7,Le lac Genin,18,0,3,20,2,5h00,3,Lac_Genin.gpx,550,106,Parking de la Brétouze,0.01,14,2,OUI,14 km,6,2,Jaune,2,7,550 m,pédestre,2,6,,,0,5,300,0,3,10336.9332015458,2540
NON,49,2,Montée très raide entre Le Poizat et Narmont.,C.A. Haut-Bugey,{BD7493DD-837F-40EE-BBAA-AD2446FD1EDA},2,Moyen,6,Le_Dahu,Le Haut-Bugey à pied (19),Le Poizat-Lalleyriat,7,Le Dahu,13,0,0,20,2,2h30,0,Le_Dahu.gpx,339,107,Parking des Clairmontelles,0.17,7.5,0,OUI,"7,5 km",6,2,Dahu vert,0,7,339 m,pédestre,2,6,,23,5,3,150,10,3,6027.21332494197,2541
NON,52,2, ,C.A. Haut-Bugey,{91D4E5E9-C3F7-42AA-8E71-0265C65BA80F},3,Facile,12,Plateau_de_la_Belloire,"RP VAR* (fiche 26), carte rando OT, Trail",Izernore,7,Plateau de la Belloire,15,2,3,20,2,2h30,3,Plateau_de_la_Belloire_v2022.gpx,130,110,Place de l'église,0.28,10,0,OUI,10 km,5,0,Jaune,2,7,170 m,pédestre,2,6,,15,5,3,150,5,3,9976.9204582568,2542
OUI (sentier inondable par forte pluie secteur usine des Trablettes),49,2, ,C.A. Haut-Bugey,{0CA16417-AA7A-420D-BB34-74A91FFD90B2},3,Moyen,15,Tour_de_l_Oignin,"RP VAR* (fiche 26), carte rando OT, Trail",Izernore,7,Tour de l'Oignin,14,2,3,20,2,3h30,6,Tour_de_l_Oignin.gpx,180,117,Auberge au Moulin du Pont,0.08,12,0,OUI,12 km,6,0,Jaune,0,7,180 m,pédestre,2,6,,82,0,4,210,0,3,11505.9277736031,2543
NON,48,2,"Site emblématique : Lac Genin (A/R), Concernant l'extension qui devrait débouchée sur le lac Genin, celle-ci se termine avant d'arriver, Disparition de cheminements due à l'activité forestière, traversée d'une zone humide où il n'y a pas d'entret",C.A. Haut-Bugey,{59E22CDA-996C-40E0-B99B-DAE6B75337C1},2,Facile,9,Tour_de_St_Amand,"RP Gex* (4), Le Haut-Bugey à pied (17), carte rando OT",Charix,7,Le Tour de Saint-Amand,19,0,3,20,2,2h30,0,Tour_de_St_Amand.gpx,170,119,Terrain de jeux,0.3,8,2,OUI,8 km (10 km avec A/R au Lac Genin),8,2,Jaune,2,7,170 m,pédestre,2,6,,33,0,3,150,0,3,10156.9485422883,2544
NON,44,2,"Attention suite à des éboulements le cricuits est fortement déconseillé -- Site emblématique : lac de Nantua, Fècles. D1084 longé sur 900 mètres /Passage en bords de falaises",C.A. Haut-Bugey,{3063A429-594C-41C1-AA8D-622D5ABC4E4E},3,Moyen,10,Tour_des_Fecles,RP Gex* (5 : variante du Tour d'Horizon),Nantua,7,Tour des Fècles,17,0,3,17,1,3h15,3,Tour_des_Fecles.gpx,454,120,Parking de l'embarcadère,0.04,8.5,0,OUI,"8,5 km",8,0,Jaune,2,7,454 m,pédestre,2,3,,67,0,4,195,0,3,8934.14269719337,2545
NON,44,2,Déplacement du point de départ à la mairie envisagé. Départ difficile.,C.A. Haut-Bugey,{A6F28731-5011-467F-AD4E-F3474AB26905},3,Très facile,10,Tre_chateau,Itinéraires remontés par les communes,Groissiat,7,Tré Château,12,0,3,20,2,2h00,3,Tre_chateau.gpx,226,122,"Parking lieu dit ""Quatre Buis""",0,5.5,0,OUI,"5,5 km",4,0,Jaune,0,7,226 m,pédestre,2,6,,48,0,2,120,2,3,5466.39076827615,2546
NON,54,2,"Projet communal d'implantation de mobilier d'interprétation. Mobilier signalétique actuel va être complété, un panneau d'information de départ va être installé et le balisage rafraîchi par l'association ""Marchons à Arbent"".  La vue sur les gorg",C.A. Haut-Bugey,{E27EA55D-7E36-4CB6-92FB-2D2AEB4629F8},3,Moyen,13,Boucle_du_bois_de_Ban,Itinéraires remontés par les communes,Arbent,7,Boucle du bois de Ban,14,0,6,20,2,3h20,3,Boucle_du_bois_de_Ban.gpx,326,127,Place St-Laurent - parking de la mairie,0.23,10,0,OUI,10 km,6,0,Jaune,0,7,326 m,pédestre,2,6,,16,5,4,200,7,3,10395.002573271,2547
NON,46,2,"Glissant par temps humide, forte montée pour accéder au Mont de la Chaux (sécurisé par la commune). Point de vue (table d'orientation en projet).",C.A. Haut-Bugey,{497CAF02-E4F8-4CD4-9D11-30842DB1B60B},2,Difficile,13,Boucle_du_macretet_version_mai_2018,RP Gex* (fiche 1),Arbent,7,Boucle du Macretet,13,0,6,20,2,4h00,3,Boucle_du_macretet_version_mai_2018.gpx,640,128,Place des écoles (Marchon),0.13,13,0,OUI,13 km,6,0,Jaune,0,7,640 m,pédestre,2,6,,45,0,4,240,0,3,11590.2230396775,2548
NON,63,2,"Point de vue de la chapelle, vieux cimetière, chapelle.",C.A. Haut-Bugey,{271CA959-7576-4C5C-96FC-A3BD329E4DEA},2,Facile,13,la_chapelle_de_Mornay,"Le Haut-Bugey à pied (12), carte rando OT (19)",Nurieux-Volognat,7,La Chapelle de Mornay,10,0,6,20,2,2h30,3,la_chapelle_de_Mornay.gpx,280,131,Place de la mairie (Nurieux),0.69,7,0,OUI,7 km,6,0,Jaune,0,7,280 m,pédestre,2,6,,0,10,3,150,20,0,6485.05448223487,2549
NON,54,2,Table d'orientation aux ruines du château de Balvay (vue à 360°),C.A. Haut-Bugey,{94234F13-01E9-4AE9-9020-B59125340AC8},2,Difficile,20,Le_chateau_de_Balvay,"RP VAR* (23), Le Haut-Bugey à pied (11), carte rando OT",Bolozon,7,Château de Balvay,14,2,6,20,2,4h15,6,Le_chateau_de_Balvay.gpx,530,134,Place de l'église,0.15,12,0,OUI,12 km,7,2,Jaune,0,7,530 m,pédestre,2,6,,43,0,5,255,0,3,10576.8060010125,2550
NON,40,2,Passage sous A404,C.A. Haut-Bugey,{25DB25DD-49D5-47B8-B795-1A9F52B3668D},3,Difficile,7,Le_Chatelard_version_longue_trail,Trail (et en partie similaire avec RP Gex* (5) : version courte),Oyonnax,7,Le Châtelard (version longue de Oyonnax Trail),13,0,0,20,1,4h15,3,Le_Chatelard_version_longue_trail.gpx,370,135,Parking du centre nautique,0.05,12.7,0,OUI,"12,7 km",6,0,Jaune,0,7,370 m,pédestre,2,6,,,0,5,255,0,3,13842.4480369902,2551
NON,52,2,précipices en bordure de l'Oignin,C.A. Haut-Bugey,{9769F03B-1F44-42C4-84FE-9E6514F9D71A},3,Moyen,20,Les_deux_vallees,"Le Haut-Bugey à pied (3), carte rando OT",Matafelon-Grange,7,Les deux Vallées,15,2,6,17,2,4h00,6,Les_deux_vallees.gpx,350,137,Camping des Gorges de l'Oignin,0.14,10.5,0,OUI,"10,5 km",7,2,Jaune,0,7,350 m,pédestre,2,3,,38,0,4,240,0,3,11600.6554332664,2552
OUI (neige) - circuit fermé temporairement suite à des éboullements de rochés (11/06/2021),45,2,"Attention l’aller/retour au belvédère des roches d’Orvaz est fermé temporairement suite à des éboullements de rochés (10/06/2021) -- Site emblématique : Les Roches d'Orvaz. Falaises / secteur raide et glissant entre ""Orvaz"" et ""Sur la Roche""",C.A. Haut-Bugey,{50340DAC-E744-45D6-B044-71DCC38C8651},2,Difficile,10,Les_Roches_d_Orvaz,"RP Gex* (12), Le Haut-Bugey à pied (7), carte rando OT",Belleydoux,7,Les Roches d'Orvaz,18,0,3,17,2,4h00,3,Les_Roches_d_Orvaz.gpx,460,140,Abri information vers la fromagerie en haut du village,0.37,10,2,OUI,10 km,8,0,Jaune,2,7,460 m,pédestre,2,3,,35,0,4,240,0,2,12583.7000865255,2553
NON,38,2,Passage sous A404,C.A. Haut-Bugey,{04405499-0D53-436C-A842-AC9B4A347E7F},3,Facile,7,Oyonnax_Trail,Trail (et en partie similaire avec RP Gex* (5)),Oyonnax,7,Oyonnax Trail (version courte du Châtelard),11,0,0,20,1,2h30,3,Oyonnax_Trail.gpx,190,141,Parking du centre nautique,0.05,7.6,0,OUI,"7,6 km",4,0,Jaune,0,7,190 m,pédestre,2,6,,67,0,3,150,0,3,6040.20225848327,2554
NON,67,2,Site emblématique : La pierre qui vire. Falaise.,C.A. Haut-Bugey,{EDF4AB22-05C9-4D21-B1A2-E2E6CD9D4431},3,Moyen,16,Pierre_qui_Vire,"Le Haut-Bugey à pied (1), Le PNR du Haut-Jura à pied (32), carte rando OT",Dortan,7,La Pierre qui vire,14,0,6,17,2,2h30,6,Pierre_qui_Vire.gpx,430,142,Place Hotel de ville,0.2,8,0,OUI,8 km,6,0,Jaune,2,7,430 m,pédestre,2,3,,,10,3,150,20,3,7447.06035671234,2555
NON,43,2,Si un arbitrage est nécessaire préférer le sentier des écureuils au Tour de la Grande Montagne,C.A. Haut-Bugey,{AA3BEBDE-F510-474D-95C2-4B42063FB85C},2,Difficile,9,Sentier_ecureuil_Le_Poizat,Itinéraires remontés par les communes,Le Poizat-Lalleyriat,7,Sentier Ecureuils,14,0,6,20,2,4h00,0,Sentier_ecureuil_Le_Poizat.gpx,305,146,lavoir,0.19,12.5,0,OUI,"12,5 km",7,0,Ecureuil jaune,0,7,305 m,pédestre,1,6,,54,0,4,240,0,3,10507.6562640508,2556
NON,42,2,Charte signalétique du PNR Haut-Jura. Arbres en travers des sentiers. Balisage insuffisant. Problème de passage : arbres abattus et patous.,C.A. Haut-Bugey,{CDA3DC0D-D684-418B-A385-0D5BF5C37A3C},2,Moyen,12,Sentier_prairies_d_Echallon,Itinéraires remontés par les communes,Belleydoux,7,Sentier Prairies d'Echallon,10,2,3,20,2,3h15,3,Sentier_prairies_d_Echallon.gpx,254,148,Parking Ancien chalet de fromagerie,0.36,10.5,0,OUI,"10,5 km",4,0,Jaune,0,7,254 m,pédestre,2,6,,41,0,4,195,0,2,10539.4834921348,2557
NON,74,2,Pas de mobilier d'interprétation (possible dans le futur si modification de l'itinéraire pour passer sur le Marais),C.A. Haut-Bugey,{32A9D44F-A323-4BD9-97A5-A6E629879E3A},3,Difficile,18,Tour_de_Cote_Grobet_Catou,"RP Gex* (3), carte rando OT",Dortan,7,Tour de Côte Grobet Catou,16,0,6,20,2,4h00,6,Tour_de_Cote_Grobet_Catou.gpx,590,152,Place Hotel de ville,0.18,13,0,OUI,13 km,6,0,Jaune,2,7,590 m,pédestre,2,6,,,10,4,240,20,3,12303.5999585901,2558
NON,40,2,Point d'intérêts ponctuels: un seul point de vue et la prairie. Beaucoup de larges pistes forestières.,C.A. Haut-Bugey,{DEA14AB4-EE5D-4B54-82A0-449802076A53},2,Moyen,6,Tour_de_cret_Torcet,"RP Gex* (4), Le Haut-Bugey à pied (16)",Charix,7,Tour du Crêt Torcet,12,0,0,17,2,3h20,0,Tour_de_cret_Torcet.gpx,230,153,Terrain de jeux,0.38,7,0,OUI,7 km,6,2,Jaune,0,7,230 m,pédestre,2,3,,25,5,4,200,5,2,11975.2131029621,2559
NON,70,2, ,C.A. Haut-Bugey,{DF152C60-EBB0-4C7C-8DCF-CB16355CA9A5},3,Moyen,16,Tour_de_Dortan,Le Haut-Bugey à pied (2),Dortan,7,Tour de Dortan,14,0,6,20,1,3h00,6,Tour_de_Dortan.gpx,250,154,Place Hotel de ville,0.34,9,0,OUI,9 km,5,0,Jaune,2,7,250 m,pédestre,2,6,,,10,3,180,20,3,8512.03258822266,2560
NON,56,2,Site emblématique : lac de Nantua. L'itinéraire longe la route (nuisance sonore),C.A. Haut-Bugey,{E7A16371-67F4-4A87-A65D-9231022C5224},0,Très facile,6,Tour_lac_Nantua,Trail,Nantua,7,Tour du Lac de Nantua,10,2,0,20,1,1h45,0,Tour_lac_Nantua.gpx,72,155,Parking de l'embarcadère,0.36,6.8,0,OUI,"6,8 km",5,0,Balisage inexistant,2,7,72 m,pédestre,2,6,,0,10,2,105,20,2,6770.68549141954,2561
ouvert toute l'année,68,2,Site emblématique : Marmites de géant,C.C. du Pays-Bellegardien,{E10815A8-FD08-4B51-B8F5-BB0390487F3E},3,Très facile,21,La_promenade_de_la_roue_et_des_marmites,"Cartoguide local ""Promenades et randonnées en Terre Valserine""(2)",St-Germain-de-Joux,7,La promenade de la roue et des marmites (NOUVEAU - sentier d'interprétation),17,2,6,20,2,0h40,6,La_promenade_de_la_roue_et_des_marmites.gpx,23,68,"Parking sous le bar des amis, près de l'église",0.37,0.7,0,OUI,"0,7 km",8,2,Jaune,2,7,23 m,pédestre,3,8,,5,5,1,40,10,2,678.242356747803,2562
,,,,C.C. du Pays-Bellegardien,{8AE30B5B-0411-46AA-AD6C-B91D62798536},,Moyen,,Circuit_des_Dinosaures,,Plagne,,Circuit des Dinosaures,,,,,,4h00,,,151,84,Le réservoir,0.15,13.3,,OUI,"13,3 km",,,Jaune,,,151 m,pédestre,,,,,,4,240,,,12943.3863913698,2563
ouvert toute l'année,58,2,Site emblématique : Pont du Moulin des Pierres,C.C. du Pays-Bellegardien,{46EA0981-ED44-436B-8F5F-7F155C89D53F},0,Difficile,21,La_voie_du_tram,"Cartoguide local ""Promenades et randonnées en Terre Valserine""(1)",Valserhône,7,La voie du tram (sentier d'interprétation) - Linéaire aller simple Lancrans/Chèzery,17,2,6,20,2,6h30,6,La_voie_du_tram.gpx,292,71,Parking de la voie du Tram-D991,0.27,20,2,OUI,20 km,8,2,Jaune,2,7,292 m,pédestre,3,8,,0,0,7,390,0,3,20001.9700112858,2564
Enneigé du 1er Novembre au 1er Mai,52,2,Site emblématique : cirque des Avalanches. 2 Passage communs aux circuits Tour des Belvédères et Cirque des Avalanches sont au bord de falaises non sécurisées mais pas de danger important.,C.C. du Pays-Bellegardien,{A9CB24B0-31E2-4EDA-AADA-160F6FE15465},0,Difficile,19,Le_cirque_des_avalanches,"Cartoguide local ""Promenades et randonnées en Terre Valserine"" (6), RP Gex*(13/modifié)",Champfromier,7,Le cirque des Avalanches,14,0,6,14,2,3h30,6,Le_cirque_des_avalanches.gpx,550,72,salle des fêtes,0.47,12,0,OUI,12 km,8,2,Jaune,2,7,550 m,pédestre,3,8,,5,0,4,210,5,2,11355.1098180275,2565
ouvert toute l'année,59,2,,C.C. du Pays-Bellegardien,{FA392931-17B8-422F-9D41-70639D09791A},3,Très facile,19,Le_sentier_botanique,"Cartoguide local ""Promenades et randonnées en Terre Valserine"" (12)",Valserhône,7,Le sentier botanique,15,2,6,20,2,1h30,6,Le_sentier_botanique.gpx,96,76,D101C (départ possible depuis la place Clertan),0,2.6,0,OUI,"2,6 km",7,2,Jaune,0,7,96 m,pédestre,1,7,,0,5,2,90,5,3,2277.08495143847,2566
ouvert toute l'année,58,2,,C.C. du Pays-Bellegardien,{9A40AA45-6BB1-4EF0-BF7D-6CA1A34B9948},3,Moyen,19,La_terre_de_Ballon,"Cartoguide local ""Promenades et randonnées en Terre Valserine"" (13), RP Gex*(15)",Valserhône,7,La terre de ballon,14,0,6,20,2,3h30,6,La_terre_de_Ballon.gpx,390,69,Parking Voie du Tram - Lancrans,0.18,11,0,OUI,11 km,6,2,Jaune,0,7,390 m,pédestre,3,6,,5,0,4,210,5,3,10987.3106961626,2567
Enneigé du 1er Novembre au 1er Mai,54,2,Site emblématique : RNN de la Haute-Chaîne du Jura,C.C. du Pays-Bellegardien,{FF185164-CE8F-4DAE-B310-E5347C381B0A},2,Difficile,18,Le_sentier_des_gardes,"Cartoguide local ""Promenades et randonnées en Terre Valserine"" (14), RP Gex*(15/modifié)",Valserhône,7,Le sentier des gardes,16,0,6,20,2,3h30,6,Le_sentier_des_gardes.gpx,650,73,"Parking ferme ""Métral"" - Bellegarde",0.09,9.3,0,OUI,"9,3 km",7,2,Jaune et rouge/blanc,2,7,650 m,pédestre,2,7,,0,0,4,210,0,3,9288.48747869029,2568
Enneigé du 1er Novembre au 1er Mai,55,2,Site emblématique : Plateau de Retord. Itinéraire labellisé PR.,C.C. du Pays-Bellegardien,{AF4B514E-AE0F-4F8A-8B60-05AD726C1547},3,Moyen,19,le_Retord_sud_l_alpage,"Cartoguide local ""Promenades et randonnées en Terre Valserine"" (15), RP Gex* (8), L'Ain à pied (19/ ""L'alpage de Retord"")",Valserhône,7,Le Retord sud : l’alpage,16,0,6,20,2,2h45,6,le_Retord_sud_l_alpage.gpx,200,75,"Parking ""la Raymond"" à Cuvéry - Châtillon",0.06,8,0,OUI,8 km,6,2,Jaune et rouge/blanc,2,7,200 m,pédestre,3,6,,0,0,3,165,0,3,7913.340042857,2569
ouvert toute l'année,61,2,Site emblématique : Pertes de la Valserine,C.C. du Pays-Bellegardien,{B0491DB8-23EE-4A75-8A95-09B9DF4DE2F7},3,Facile,21,Les_pertes_de_la_Valserine,"Cartoguide local ""Promenades et randonnées en Terre Valserine""(3)",Valserhône,7,Les pertes de la Valserine (A/R - sentier d'interprétation),20,2,6,20,2,2h00,6,Les_pertes_de_la_Valserine.gpx,115,82,"Parking sous viaduc SNCF, rue Louis Dumont - Bellegarde",0.13,5,2,OUI,5 km,8,2,Jaune,2,7,115 m,pédestre,3,8,,0,0,2,120,0,3,2770.18659749603,2570
ouvert toute l'année,61,2,"Sites emblématiques : Pertes de la Valserine, Pont du Moulin des Pierres",C.C. du Pays-Bellegardien,{66372DD9-E57F-4E71-AD9D-FF13E1342A35},3,Difficile,21,La_vallee_de_la_Valserine,"Cartoguide local ""Promenades et randonnées en Terre Valserine"" (9), RP Gex* (14)",Valserhône ,7,La vallée de la Valserine,20,2,6,20,2,3h00,6,La_vallee_de_la_Valserine.gpx,360,70,Parkind D1084 (variante avec un départ depuis la gare),0.1,13,2,OUI,13 km,8,2,Jaune et rouge/blanc,2,7,360 m,pédestre,3,8,,0,0,3,180,0,3,13320.6240401128,2571
ouvert toute l'année,59,2,Site emblématique : le Rhône,C.C. du Pays-Bellegardien,{916A4523-D7EC-4C11-BC98-10B0EB44487F},3,Moyen,21,Les berges du Rhône (A/R Arlod -barrage de Génissiat),"Cartoguide local ""Promenades et randonnées en Terre Valserine""(4)",Valserhône,7,Les berges du Rhône (A/R - sentier d'interprétation),18,2,6,20,2,"5h00
",6,les_berges_du_Rhone.gpx,43,81,Arlod au barrage de Génissiat,0.21,14,0,OUI,14 km,8,2,Jaune,2,7,43 m,pédestre,3,8,,0,0,5,300,0,3,6559.46686531916,2572
NON,53,2,"Une traversée de la D36 dangereuse, bonne visibilité",C.C. Rive de l'Ain Pays du Cerdon,{0FCDD61C-7E06-4924-BFAB-D283310F2315},0,Moyen,16,CCRAPC_le_tour_de_saint_jean,Topo CCRAPC,St-Jean-le-Vieux,3,Tour de Saint-Jean-le-Vieux,12,0,6,9,2,3h00,6,CCRAPC_le_tour_de_saint_jean.gpx,173,1,Place du Champ de Foire,0.62,10.1,0,OUI,"10,1 km",8,0,Jaune,2,0,173 m,pédestre,2,6,,8,8,3,180,16,0,10825.0354249477,2573
OUI crue,52,2,Les crue de l'Ain peuvent rendre les berges impraticables,C.C. Rive de l'Ain Pays du Cerdon,{6E135AFD-A36E-4684-8CEF-98F753884949},1,Très difficile,16,CCRAPC_le_chemin_de_la_cote_de_varambon,Topo CCRAPC,Varambon,5,Chemin de la côte,8,0,6,15,1,1h40,5,CCRAPC_le_chemin_de_la_cote_de_varambon.gpx,130,7,Parking chemin du Port-Bord de l'Ain,0.47,5.5,0,OUI,"5,5 km",5,1,Jaune,0,5,130 m,pédestre,2,5,,5,8,2,100,13,1,4891.86660983683,2574
NON,60,2,Prudence au Rocher de Saint-Alban,C.C. Rive de l'Ain Pays du Cerdon,{E62E9A16-3DE0-429F-BA5A-4FC8E9D7F6EF},2,Facile,20,CCRAPC_le_circuit_des_vignes_de_cerdon,Topo CCRAPC-AAP-CDRP01,Cerdon,7,Circuit des Vignes de Cerdon,15,2,6,20,1,2h45,6,CCRAPC_le_circuit_des_vignes_de_cerdon.gpx,378,9,Place St Vincent,0.37,6,0,OUI,8 km,8,2,Jaune+jaune/rouge,2,7,378 m,pédestre,2,6,,5,0,3,165,5,2,8005.01280036755,2575
NON,55,2,Deux traversées de la D1084 très dangereuses,C.C. Rive de l'Ain Pays du Cerdon,{E3A6582B-CCA4-4945-B4DE-8A828050FDEA},2,Moyen,20,CCRAPC_le_circuit_du_val_d_enfer_de_cerdon,Topo CCRAPC-CDRP01,Cerdon,0,Circuit du Val d'Enfer et du Maquis,17,2,6,13,2,3h40,6,CCRAPC_le_circuit_du_val_d_enfer_de_cerdon.gpx,360,10,Place St Vincent,0.2,9,0,OUI,9 km,8,2,Jaune,2,7,360 m,pédestre,2,6,,5,0,4,220,5,3,8998.39222749302,2576
NON,70,2, ,C.C. Rive de l'Ain Pays du Cerdon,{3572F8C9-FC7E-4422-B9E6-C0EF175FC610},2,Facile,16,CCRAPC_le_plan_chaux_la_combe_de_jujurieux,Topo CCRAPC-CDRP01,Jujurieux,7,Le Plan Chaux La Combe,18,0,6,20,2,2h00,6,CCRAPC_le_plan_chaux_la_combe_de_jujurieux.gpx,260,12,Parking Espace Bonnet-rue Bonnet,0.46,5.6,0,OUI,"5,6 km",6,2,Jaune,2,7,260 m,pédestre,2,6,,8,8,2,120,16,2,5693.21104659978,2577
NON,58,2, ,C.C. Rive de l'Ain Pays du Cerdon,{39143230-FFEE-4395-A862-50492AE29827},2,Moyen,16,CCRAPC_les_chateaux_de_jujurieux,TopoCCRAPC-AAP-CDRP01,Jujurieux,7,A la découverte des châteaux de Jujurieux,17,0,6,20,2,3h00,6,CCRAPC_les_chateaux_de_jujurieux.gpx,364,15,Parking Espace Bonnet-rue Bonnet,0.29,10.5,0,OUI,"12,1 km",6,2,Blanc/rouge+Jaune,2,7,364 m,pédestre,2,6,,5,0,3,180,5,2,12127.0537310869,2578
OUI crue,62,1,Les crue de l'Ain peuvent rendre les berges impraticables,C.C. Rive de l'Ain Pays du Cerdon,{E8944F26-EB53-401E-B705-B1B9C6333626},1,Moyen,15,CCRAPC_les_hauts_de_priay,Topo CCRAPC,Priay,5,Les hauts de Priay,12,0,6,15,2,3h00,6,CCRAPC_les_hauts_de_priay.gpx,194,17,Parking rue de la Rivière,0.45,10.5,0,OUI,"10,5 km",7,1,Jaune,1,5,194 m,pédestre,1,5,,10,10,3,180,20,1,10458.3584183473,2579
NON,48,2,Prudence traversée route avant Cerdon D1084 / Prudence au Rocher de Saint-Alban,C.C. Rive de l'Ain Pays du Cerdon,{2FBBE815-CC33-4F06-A225-960FFFF549BB},0,Difficile,20,CCRAPC_les_vignobles_de_poncin,Topo CCRAPC-AAP-CDRP01,Poncin,0,Les Vignobles de Poncin,14,2,6,9,1,6h00,6,CCRAPC_les_vignobles_de_poncin.gpx,460,19,Parking du Foyer Rural,0.31,18,0,OUI,18 km,8,2,Jaune,2,3,460 m,pédestre,2,6,,5,0,6,360,5,3,18657.6085785787,2580
NON,54,2,"Traversée D1084 (sécurisée). Site emblématique : Site de la Chapelle St-Barthélémy (belvédère, chapelle, vierge)",C.C. de la Côtière à Montluel,{296ABE57-3825-4AA1-BAC0-536CA5F81864},3,Moyen,18,plateau_de_la_boisse,,La Boisse (ou Montluel),3,Le plateau de la Boisse,13,0,6,16,2,3h45,6,plateau_de_la_boisse.gpx,229,5,Prieuré de La Boisse,0.4,13,0,OUI,13 km,4,2,jaune,2,7,229 m,pédestre,2,6,Edition locale,5,2,4,225,7,2,13031.798356177,2581
NON,56,2,Nuisance sonore : autoroute,C.C. de la Côtière à Montluel,{E53E9C02-098B-4571-950E-F3D9E3F8E843},3,Moyen,18,les_bois_de_beligneux,,Béligneux,7,Les bois de Béligneux,13,0,6,20,1,3h20,6,les_bois_de_beligneux.gpx,126,4,Place de l'église de Béligneux,0.19,12.2,0,OUI,"12,2 km",6,2,jaune,0,7,126 m,pédestre,2,6,"Edition locale, L'Ain à pied, RP Dombes",5,0,4,200,5,3,12386.5079077325,2582
NON,62,2,Site emblématique : lac Neyton,C.C. de la Côtière à Montluel,{FE771C41-F777-435F-9792-1F379D65DFD4},3,Facile,18,lac_neyton_et_le_merdanson_avec_gabette,,Dagneux (ou Bressoles),7,Lac Neyton et le Merdanson avec_gabette,16,0,6,20,2,2h30,6,lac_neyton_et_le_merdanson_avec_gabette.gpx,100,2,Place des Tilleuls de Dagneux,0.24,9,0,OUI,9 km,6,2,jaune,2,7,100 m,pédestre,2,6,Edition locale,8,0,3,150,8,3,9969.91732890226,2583
NON,62,2,Site emblématique : lac Neyton,C.C. de la Côtière à Montluel,{7985C2C7-C59C-4032-AB51-0D05FA1D8973},3,Facile,18,lac_de_neyton_et_le_merdanson,,Dagneux (ou Bressoles),7,Lac Neyton et le Merdanson,16,0,6,20,2,2h30,6,lac_de_neyton_et_le_merdanson.gpx,100,22,Place des Tilleuls de Dagneux,0.24,9,,OUI,9 km,6,2,jaune,2,7,100 m,pédestre,2,6,Edition locale,8,0,3,150,8,3,18267.0831308458,2584
NON,54,2,850 m le long de la D 84b,C.C. de la Côtière à Montluel,{EE400D49-B6A2-4155-917F-B140B1AA989F},0,Très facile,18,autour_de_bressoles,,Bressoles,7,Autour de Bressolles,6,0,6,17,2,1h00,6,autour_de_bressoles.gpx,53,1,Stade de Bressoles,0.65,4.2,0,OUI,"4,2 km",4,2,jaune,0,7,53 m,pédestre,2,3,Edition locale,8,5,1,60,13,0,4275.76183833794,2585
NON,63,2,Site emblématique : lac Neyton,C.C. de la Côtière à Montluel,{09A7DB8D-4A91-4EF5-B125-4F9ADD7634EA},3,Difficile,18,circuit_de_la_cotiere,,Montluel (ou Pizay ou Ste-Croix ou Bresoles),7,Circuit de la Côtière,17,0,6,20,2,5h30,6,circuit_de_la_cotiere.gpx,220,6,Parking de La Portellle,0.14,20,0,OUI,20 km,7,2,jaune,2,7,220 m,pédestre,2,6,"Edition locale, RP Dombes",8,0,6,330,8,3,20273.6490954805,2586
NON,70,2,Site emblématique : Rhône,C.C. de la Côtière à Montluel,{98151FEA-5635-4FC3-B7AF-825727DEB8C5},2,Facile,18,entre_lone_et_rhone,,Balan,7,Entre lônes et Rhône,18,0,6,20,2,2h30,6,entre_lone_et_rhone.gpx,31,3,Place de la mairie de Balan,0.29,9.5,2,OUI,"9,5 km",7,2,jaune,2,7,31 m,pédestre,2,6,"Edition locale, RP Dombes",8,6,3,150,14,3,9499.4075785423,2587
NON,,,,C.C. Dombes Saône Vallée,{A00D8BB3-FBCD-4F81-A6C6-96D599F9A067},,Difficile,,circuit_d_ars,,Ars-sur-Formans,,Circuit d'Ars,,,,,,4h35,,circuit_d_ars.gpx,164,7,Parking de la place Freihalden,0.42,16.7,,OUI,"16,7 km",,,jaune,,,164 m,pédestre,,,RP Dombes,,,5,275,,,16748.2669583388,2588
NON,,,,C.C. Dombes Saône Vallée,{DF43F13F-DBBB-4895-9DC6-9782FED3760B},,Moyen,,la_chapelle_de_chanteins,,Villeneuve,,La chapelle de Chanteins,,,,,,3h00,,la_chapelle_de_chanteins.gpx,40,11,Parking route de Villars,1,11.6,,OUI,"11,6 km",,,jaune,,,40 m,pédestre,,,locale,,,3,180,,,11641.0274466764,2589
OUI (berge inondée),,,,C.C. Dombes Saône Vallée,{CC7ED185-FB90-4B02-AA7D-AFBB1E6BACC9},,Moyen,,flecheres_par_le_chemin_de_halage,,Beauregard (ou Fareins),,Fléchères par le chemin de halage,,,,,,3h40,,flecheres_par_le_chemin_de_halage.gpx,135,10,Contrebas du pont piéton,0.35,13.5,,OUI,"13,5 km",,,jaune,,,135 m,pédestre,,,locale,,,4,220,,,13520.6268045196,2590
NON,,,,C.C. Dombes Saône Vallée,{11E5B814-2CE6-420D-B929-3CCE0215590E},,Très facile,,la_rencontre,,Ars-sur-Formans,,La Rencontre,,,,,,1h40,,la_rencontre.gpx,61,8,Parking de la place Freihalden,0.72,5.9,,OUI,"5,9 km",,,jaune,,,61 m,pédestre,,,locale,,,2,100,,,5972.09054453818,2591
NON,,,,C.C. Dombes Saône Vallée,{DA20E623-316A-4549-B95A-254B07E131D5},,Facile,,la_vieille_halle,,Frans,,La Vieille Halle,,,,,,2h00,,la_vieille_halle.gpx,70,9,la vieille halle,0.28,7.5,,OUI,"7,5 km",,,jaune,,,70 m,pédestre,,,locale,,,2,120,,,7577.17913039292,2592
NON,,,,C.C. Dombes Saône Vallée,{9DA018E0-2D0D-4630-9F48-69B2A92E0A70},,Moyen,,le_fond_de_juis,,Savigneux  ,,le fond de Juis,,,,,,3h15,,le_fond_de_juis.gpx,66,12,église,0.7,12.4,,OUI,"12,4 km",,,jaune,,,66 m,pédestre,,,locale,,,4,195,,,12473.1937793961,2593
NON,,,,C.C. Dombes Saône Vallée,{18458AF8-8679-4758-96E6-A69BE15DAB38},,Facile,,le_grand_rieux,,Civrieux,,Le Grand Rieux,,,,,,2h00,,le_grand_rieux.gpx,60,5,mairie ,0.34,7.2,,OUI,"7,2 km",,,jaune,,,60 m,pédestre,,,locale,,,2,120,,,7229.5724291902,2594
OUI (berge inondée),,,,C.C. Dombes Saône Vallée,{F092ECD6-0564-47B0-88B2-7DD2DF121868},,Difficile,,les_7_communes_v_2022_estacade,,Trévoux,,Les 7 communes (version 2022),,,,,,6h30,,Les_7_communes_version 2022_estacade.gpx,306,2,Place devant l'office de tourisme,0.38,23.4,,OUI,"23,4 km",,,jaune,,,306 m,pédestre,,,locale,,,7,390,,,23481.4951485645,2595
NON,,,,C.C. Dombes Saône Vallée,{61BA7F20-D329-4F51-AD3B-BAECAE795D6E},,Moyen,,les_etangs_de_savigneux,,Savigneux ou Ambérieux-en-Dombes,,Les étangs de Savigneux,,,,,,3h50,,les_etangs_de_savigneux.gpx,69,3,église,0.63,14.8,,OUI,"14,8 km",,,jaune,,,69 m,pédestre,,,locale,,,4,230,,,14803.5788447843,2596
NON,,,,C.C. Dombes Saône Vallée,{0D1D5D7D-25AE-4ABC-AA07-F599A85D4C83},,Difficile,,les_grandes_terres,,Toussieux ou Rancé,,Les Grandes Terres,,,,,,5h00,,les_grandes_terres.gpx,150,4,Parking de la mairie de Toussieux,0.58,18.7,,OUI,"18,7 km",,,jaune,,,150 m,pédestre,,,locale,,,5,300,,,18714.6984285417,2597
OUI (berge inondée),,,,C.C. Dombes Saône Vallée,{5956B155-CEA9-469C-845F-EE995E2FF417},,Moyen,,entre_saone_et_plateau_version_mai_2019,,Parcieux ou Massieux,,Entre Saône et plateau (version mai 2019),,,,,,3h45,,entre_saone_et_plateau_version_mai_2019.gpx,172,1,Parking derrière la mairie de Parcieux,0.56,13.2,,OUI,"13,2 km",,,jaune,,,172 m,pédestre,,,"L'Ain à pied, RP Dombes",,,4,225,,,13271.086133299,2598
NON,67,2,Site emblématique : Marais des Bidonnes (ENS),PGA,{02C23D0A-EB82-43FF-BC22-250835C63522},2,Très facile,20,divonne_les_bains_le_marais_des_bidonnes,,Divonne-les-Bains,7,Le Marais des Bidonnes,20,2,6,20,2,1h30,6,divonne_les_bains_le_marais_des_bidonnes.gpx,20,6,Le pont des îles ,0.5,3,2,OUI,3 km,10,2,Pr (jaune),2,7,20 m,pédestre,2,6,Fiche PGA,5,2,2,90,7,2,2959.29519405683,2599
Praticable du 16 mai au 30 novembre (ZQFS) ,67,2,"Site emblématique : Le Colomby de Gex, Grand Montrond, cirque de Branveau",PGA,{640F7F24-DA8C-4A49-9350-D736829429E0},3,Difficile,18,gex_le_colomby,,Gex,7,Le Colomby,22,0,6,20,2,6h00,6,gex_le_colomby.gpx,890,7,Parking du Pailly,0.02,14.5,2,OUI,"14,5 km",10,2,Pr (jaune) + Gr (blanc et rouge ) ,2,7,890 m,pédestre,2,6,Fiche PGA,5,2,6,360,7,3,14810.191206469,2600
NON,78,2,,PGA,{343BEFA0-7916-4845-A6F4-474FC0C7DCBE},3,Moyen,20,gex_le_creux_de_lenvers,,Gex,7,Le Creux de l'Envers,18,2,6,20,2,2h00,6,gex_le_creux_de_lenvers.gpx,250,3,Place Perdtemps,0.1,6,0,OUI,6 km,10,2,Pr (jaune),0,7,250 m,pédestre,2,6,Fiche PGA,10,10,2,120,20,3,4792.3903760236,2601
NON,73,2,Site emblémtique : la Valserine,PGA,{F580CE7E-69A8-4AFD-9C83-D43DDD7D591D},3,Très facile,18,lelex_la_valserine_riviere_sauvage,,Lélex,7,"La Valserine, rivière sauvage",22,0,6,20,2,1h30,6,lelex_la_valserine_riviere_sauvage.gpx,140,10,Centre du village de Lélex,0.3,5,2,OUI,5 km,10,2,Pr (jaune),2,7,140 m,pédestre,2,6,Fiche PGA,8,5,2,90,13,3,4255.05140115498,2602
NON,67,2,Site emblématique : Moulin Thomas,PGA,{6D41038E-97A5-423A-812F-6BF76F58620F},3,Très facile,18,chezery_forens_sur_les_pas_des_moines,,Chezery-Forens,7,Sur les pas des moines,22,0,6,20,2,3h00,6,chezery_forens_sur_les_pas_des_moines.gpx,330,4,Centre du village de Chézery ,0.05,8,2,OUI,8 km,10,2,Pr (jaune),2,7,330 m,pédestre,2,6,Fiche PGA,5,2,3,180,7,3,7868.66671022559,2603
NON,61,2,Site emblématique : Le Reculet,PGA,{9DA03113-10B2-4427-BB61-2764DEE736A7},3,Difficile,18,chezery_forens_sur_les_traces_des_passeurs,,Chezery-Forens,3,Sur les traces des passeurs,22,0,6,16,2,8h30,6,chezery_forens_sur_les_traces_des_passeurs.gpx,1371,1,Centre du village de Chézery ,0.05,20.5,2,OUI,"20,5 km",10,2,Pr (jaune) + Gr (blanc et rouge ) ,2,7,1371 m,pédestre,2,6,Fiche PGA,5,0,9,510,5,3,20265.1839160947,2604
NON,63,2,,PGA,{92528DD7-8894-4069-83E7-F9A5370D8929},3,Difficile ,18,farges_la_pierre_a_baptiste,,Farges,7,La Pierre à Baptiste,18,0,6,20,2,3h00,6,farges_la_pierre_a_baptiste.gpx,530,9,Centre du village de Farges ,0.1,6.5,0,OUI,"6,5 km",10,2,Pr (jaune),0,7,530 m,pédestre,2,6,Fiche PGA,5,2,3,180,7,3,6810.8924983338,2605
NON,57,2,Site emblématique : Défilé de l'Écluse,PGA,{03C85A09-369D-43AB-AC99-1E027CFD50B1},2,Moyen,18,fort_lecluse_au_bord_du_rhone,,Léaz-Fort L'Ecluse,3,Au bord du Rhône,18,0,6,16,1,5h00,6,fort_lecluse_au_bord_du_rhone.gpx,720,2,Parking du Fort l'Ecluse ,0.15,13.5,0,OUI,"13,5 km",10,2,Pr (jaune),2,7,720 m,pédestre,2,6,Fiche PGA,5,0,5,300,5,3,12028.1040808229,2606
NON,65,2,Site emblématique : Mont-Mourex,PGA,{50F3FD4C-E1FE-43DA-82F4-F6CA90C173F3},3,Très facile,20,grilly_le_mont_mourex,,Grilly,7,Le Mont-Mourex,18,2,6,20,2,1h30,6,grilly_le_mont_mourex.gpx,115,8,Parking du Mont,0,5,0,OUI,5 km,10,2,Pr (jaune),0,7,115 m,pédestre,2,6,Fiche PGA,5,2,2,90,7,3,4707.07407488443,2607
NON,55,2,"Sites emblématiques : Le Reculet, le crêt de la Neige",PGA,{B2B9DAB4-114A-40B3-A368-8FA3597221F7},2,Difficile,18,lelex_les_hauts_sommets,,Lélex,3,Les hauts sommets,21,0,6,16,2,7h00,6,lelex_les_hauts_sommets.gpx,1095,5,Centre du village de Lelex,0.15,16.5,2,OUI,"16,5 km",10,2,Gr (blanc et rouge),2,7,1095 m,pédestre,2,6,Fiche PGA,0,0,7,420,0,3,15565.5666387531,2608
ouvert toute l'année,68,2,Site emblématique : Tour du Plantay.,C.C. de la Dombes,{7E252FFD-E7C7-4292-87C2-13236243A18E},0,Très facile,18,La_Tour_du_Plantay,Fiche rando OT de la Dombes / RP Dombes(7) / Topoguide CCCChalamont(5),Le Plantay,7,La Tour du Plantay ,10,0,6,20,2,1h40,6,La_Tour_du_Plantay.gpx,22,3,Parking route de Villars,0.55,6.5,0,OUI,"6,5 km",6,2,jaune,2,7,22 m,pédestre,2,6,,10,10,2,100,20,0,6489.12529366784,2609
ouvert toute l'année,67,2,"Positif : 100% public, nombreux étangs / Négatif : 100% goudron",C.C. de la Dombes,{8124854B-E6FF-4E08-A6DE-A317E45F68B1},0,Facile,18,Les_etangs_Bozonieres,Fiche rando OT de la Dombes / RP Dombes(27) / cartoguide CCCDombes,Bouligneux,7,Les étangs Bozonières,9,0,6,20,2,1h50,6,Les_etangs_Bozonieres.gpx,32,5,Parking du village,1,6.9,0,OUI,"6,9 km",7,2,jaune,0,7,32 m,pédestre,2,6,,10,10,2,110,20,0,6907.20263924979,2610
ouvert toute l'année,67,2,"Points de vue sur Bugey et Dombes, châteaux.",C.C. de la Dombes,{F3C7B2AB-0144-40E0-BDD3-A3FE9378B3BA},3,Facile,18,Circuit_de_Gevrieux,Fiche rando OT de la Dombes / RP Dombes(10),Chatillon-la-Palud,7,Circuit de Gévrieux,13,0,6,20,2,2h15,6,Circuit_de_Gevrieux.gpx,144,6,Place du Bief (Gevrieux),0.49,7.5,0,OUI,"7,5 km",6,2,jaune,0,7,144 m,pédestre,2,6,,8,8,3,135,16,2,7526.58420006073,2611
ouvert toute l'année,63,2,Positif: étangs ,C.C. de la Dombes,{24125FA2-0707-4F09-A878-3FEE121B5F9F},0,Très facile,18,L_etang_Chardonnet,Fiche rando OT de la Dombes / cartoguide CCCDombes,Ste-Olive,7,L'étang Chardonnet,9,0,6,20,2,1h30,6,L_etang_Chardonnet.gpx,21,7,Parking du Saint'Oliv,0.56,5.8,0,OUI,"5,8 km",7,2,jaune,0,7,21 m,pédestre,2,6,,8,8,2,90,16,0,5854.80778004307,2612
NON,67,2,"Site emblématique : village de Vonnas, bocage, moulin",C.C. de la Veyle,{309964D9-6DD4-4F88-A3BF-E811B171DBC1},0,Moyen,18,18_Le_Grand_St_Julien_Vonnas,Cartoguides locaux,Vonnas (ou St-Julien-sur-Veyle),7,Le Grand Julien,9,0,6,20,2,3h34,6,18_Le_Grand_St_Julien_Vonnas.gpx,92,174,Parking centre village,0.83,13.4,0,OUI,"13,4 km",5,2,jaune,2,7,92 m,pédestre,2,6,,10,10,4,214,20,0,13462.3350703054,2613
NON,61,2,Bocage / Point sensible sécurité : 2 traversées de la D2 (avec visibilité),C.C. de la Veyle,{95081F4B-A121-45B1-B225-AE8EF039E7FE},0,Facile,18,17_Les_Quets_St_Julien_sur_Veyle,Cartoguides locaux,St-Julien-sur-Veyle,7,Les Quets,6,0,6,17,2,2h31,6,17_Les_Quets_St_Julien_sur_Veyle.gpx,102,173,Parking face à l'église,0.61,9.1,0,OUI,"9,1 km",4,2,jaune,0,7,102 m,pédestre,2,3,,10,10,3,151,20,0,9156.05192628699,2614
NON,66,2,"Site emblématique : village de Vonnas, rivière, champs",C.C. de la Veyle,{A4A7B215-D164-495F-92C8-31EC369E6609},0,Très facile,18,19_Circuit_du_Pre_Buchet_Vonnas,Cartoguides locaux,Vonnas,7,Circuit du Pré Buchet,8,0,6,20,2,1h07,6,19_Circuit_du_Pre_Buchet_Vonnas.gpx,11,175,Parking centre village,1,4.4,0,OUI,"4,4 km",4,2,jaune,2,7,11 m,pédestre,2,6,,10,10,1,67,20,0,4486.22643922579,2615
NON,68,2,"Site emblématique : village de Vonnas, moulin, château de Luponnas, rivière La Veyle, bois.",C.C. de la Veyle,{DE9648E1-EE37-4092-A33C-D70BE1BD98FC},0,Moyen,18,20_Entre_plaisir_des_yeux_et_des_papilles_Vonnas,Cartoguides locaux,Vonnas,7,Entre plaisir des yeux et des papilles,10,0,6,20,2,3h16,6,20_Entre_plaisir_des_yeux_et_des_papilles_Vonnas.gpx,50,176,Parking centre village,0.58,12.6,0,OUI,"12,6 km",6,2,jaune,2,7,50 m,pédestre,2,6,,10,10,3,196,20,0,12636.1453812828,2616
NON,65,2,Passage à proximité du domaine des Saveurs (les Planons). Fermes bressanes à cheminée sarrasine. Nuisance : 2 passages sur l'A40 + 1 tronçon en bordure,C.C. de la Veyle,{0526EA9A-115D-40A6-B5AB-6AEF907D5084},0,Difficile,18,21_Boucle_du_Menthon_St_Genis_sur_Menthon,Cartoguides locaux,St-Genis-sur-Menthon,7,Boucle du Menthon,7,0,6,20,1,5h14,6,21_Boucle_du_Menthon_St_Genis_sur_Menthon.gpx,116,177,Parking le long du cimetière (long D47),0.64,19.8,0,OUI,"19,8 km",6,2,jaune,0,7,116 m,pédestre,2,6,,10,10,5,314,20,0,19890.8703336775,2617
NON,61,2,"Bois, bocage, rivière La Veyle (A/R possible à la chapelle de Montfalcon et à l'aire aménagée en bords de Veyle)",C.C. de la Veyle,{FDDB55A3-6AAA-4F21-A27B-581422F477CA},0,Difficile,18,22_Grange_Cotton_Mezeriat,Cartoguides locaux,Mézériat,7,Grange Cotton,7,0,6,20,2,7h05,6,22_Grange_Cotton_Mezeriat.gpx,176,178,Parking de la mairie,0.62,26.6,0,OUI,"26,6 km",5,2,jaune,0,7,176 m,pédestre,2,6,,8,8,7,425,16,0,26629.5572190325,2618
NON,66,2,"Bocage, château de Chanoz-Châtenay",C.C. de la Veyle,{08A38171-3851-4D8A-A5F7-A3A9B8AA4F12},0,Facile,18,23_Rando_des_chenes_Chanoz_Chatenay,Cartoguides locaux,Chanoz-Châtenay,7,Rando des chênes,8,0,6,20,2,2h26,6,23_Rando_des_chenes_Chanoz_Chatenay.gpx,89,179,Parking centre village (le long de la D80b),0.66,8.9,0,OUI,"8,9 km",6,2,jaune,0,7,89 m,pédestre,2,6,,10,10,2,146,20,0,8985.15414694264,2619
NON,67,2,"Bief, bois, bocage",C.C. de la Veyle,{25906078-7E22-4F44-A536-692D3699CA4B},0,Moyen,18,24_Ronde_de_la_Bresse_Chaveyriat,Cartoguides locaux,Chaveyriat,7,Ronde de la Bresse,9,0,6,20,2,3h15,6,24_Ronde_de_la_Bresse_Chaveyriat.gpx,85,180,Parking place Pierre Robin,0.46,12.2,0,OUI,"12,2 km",5,2,jaune,0,7,85 m,pédestre,2,6,,10,10,3,195,20,2,12283.9723555558,2620
NON,71,2,"Bois, étangs neuf et Guillet, église de Chaveyriat",C.C. de la Veyle,{654AF536-E669-4AAB-9916-D362D004CE28},2,Facile,18,25_Boucle_de_la_Dombes_Chaveyriat,Cartoguides locaux,Chaveyriat,7,Boucle de la Dombes,13,0,6,20,2,2h00,6,25_Boucle_de_la_Dombes_Chaveyriat.gpx,74,181,Parking place Pierre Robin,0.45,7.2,0,OUI,"7,2 km",7,2,jaune,0,7,74 m,pédestre,2,6,,10,10,2,120,20,2,7255.80751238337,2621
Oui (crue de la Saône),56,2,"Base de loisirs, bords de Saône, rivières l'Avanon et le Creusençon",C.C. de la Veyle,{F63C4A0A-5E99-4AD1-ACF2-A73BD796B16B},0,Facile,18,2_Boucle_d_Avanon_Cormoranche_sur_Saone,Cartoguides locaux,Cormoranche-sur-Saône,7,Boucle d'Avanon,11,0,6,20,2,2h13,6,2_Boucle_d_Avanon_Cormoranche_sur_Saone.gpx,19,158,Parking du Foyer Rural,0.4,8.7,0,OUI,"8,7 km",7,2,jaune,0,7,19 m,pédestre,2,6,,5,2,2,133,7,2,8687.66520295324,2622
Oui (crue de la Saône),59,2,"Bois, bords de Saône, base de loisirs. Nuissance : LGV",C.C. de la Veyle,{56E73D49-CDA0-48C3-BC19-B10EB5096E1B},0,Facile,18,1_Le_Lac_Cormoranche_sur_Saone,Cartoguides locaux,Cormoranche-sur-Saône,7,Le Lac,8,0,6,20,1,2h20,6,1_Le_Lac_Cormoranche_sur_Saone.gpx,51,157,Parking du Foyer Rural,0.49,8.8,0,OUI,"8,8 km",5,2,jaune,0,7,51 m,pédestre,2,6,,8,5,2,140,13,2,8807.41597860051,2623
NON,51,2,"Bief, ruisseau, bois. / nuisance : LGV",C.C. de la Veyle,{0E49ADE3-0ED9-4C6E-8412-6B3D21E0126F},0,Difficile,18,5_Grande_Cruzillotte_Cruzille,Cartoguides locaux,Cruzilles-lès-Mépillat (ou Laiz),7,Grande Cruzillotte,8,0,6,17,1,4h30,6,5_Grande_Cruzillotte_Cruzille.gpx,122,161,Parking de la salle polyvalente,0.46,16.8,0,OUI,"16,8 km",5,2,jaune,0,7,122 m,pédestre,2,3,,8,0,5,270,8,2,16823.3241487566,2624
NON,55,2,"Rivière le Creusençon, bois, panorama. Nuisance : ligne LGV",C.C. de la Veyle,{F3A981C5-D813-4C56-9ADE-B6F9E8AA4692},0,Facile,18,3_Les_grapillonnes_Cormoranche_sur_Saone,Cartoguides locaux,Cormoranche-sur-Saône (ou Bey),7,Les grapillonnes,7,0,6,20,1,2h50,6,3_Les_grapillonnes_Cormoranche_sur_Saone.gpx,79,159,Parking du Foyer Rural,0.57,10.6,0,OUI,"10,6 km",6,2,jaune,0,7,79 m,pédestre,2,6,,8,2,3,170,10,0,10599.8474947887,2625
NON,61,2,"Site emblématique : château de Pont-de-Veyle (et son parc), rivières La Petite Veyle et La Veyle",C.C. de la Veyle,{757B76D1-4A51-4F6E-9333-64A9D04F97C1},0,Moyen,18,7_La_boucle_de_Parseval_Pont_de_Veyle,Cartoguides locaux,Pont-de-Veyle (ou Crottet),7,La boucle de Parseval,15,0,6,20,2,3h58,6,7_La_boucle_de_Parseval_Pont_de_Veyle.gpx,59,163,Parking du château,0.44,15.3,2,OUI,"15,3 km",7,2,jaune,2,7,59 m,pédestre,2,6,,8,0,4,238,8,2,15364.5154442132,2626
NON,65,2,"église de Bey, étang / nuisance : LGV",C.C. de la Veyle,{5B346B0E-9EEF-454C-927C-76D90831D4E5},0,Facile,18,4_De_Monspey_a_Chou_d_Ane_Bey,Cartoguides locaux,Bey,7,De Monspey à Chou d'Âne,7,0,6,20,1,2h43,6,4_De_Monspey_a_Chou_d_Ane_Bey.gpx,99,160,Parking face à la mairie,0.54,9.9,0,OUI,"9,9 km",6,2,jaune,0,7,99 m,pédestre,2,6,,10,10,3,163,20,0,9970.98560882317,2627
NON,69,2,Bois et bocage,C.C. de la Veyle,{29316FFB-203A-464A-A603-067DA3B17C3F},2,Difficile,18,10_Petite_Cruzillote_Cruzilles_les_Mepillats,Cartoguides locaux,Cruzilles-lès-Mépillat,7,Petite Cruzillotte,11,0,6,20,2,4h20,6,10_Petite_Cruzillote_Cruzilles_les_Mepillats.gpx,89,166,Parking de la salle polyvalente,0.36,16.4,0,OUI,"16,4 km",5,2,jaune,0,7,89 m,pédestre,2,6,,10,10,4,260,20,2,16435.7544477473,2628
NON,60,2,"Site emblématique : Château de Pont de Veyle (et son parc), rivières : La Veyle et La Petite Veyle + biefs, moulins",C.C. de la Veyle,{D7C1F2B9-6CEB-4BBF-828D-284B397B6145},2,Difficile,18,9_La_boucle_des_biches_aux_etangs_St_Jean_sur_Veyle,Cartoguides locaux,St-Jean-sur-Veyle (ou Laiz ou Pont-de-Veyle),7,Boucle des biches aux étangs,17,0,6,20,2,4h11,6,9_La_boucle_des_biches_aux_etangs_St_Jean_sur_Veyle.gpx,77,165,Parking centre village,0.27,16,2,OUI,16 km,6,2,jaune,2,7,77 m,pédestre,2,6,,5,0,4,251,5,3,16013.3951549496,2629
NON,65,2,étang et forêt des Byoux / Points sensibles de sécurité : 2 traversées de la D2.,C.C. de la Veyle,{0DA7BED4-E97E-4885-8293-1DDBF7117444},0,Difficile,18,12_Etang_de_la_Grange_des_Byoux_St_Andre_d_Huiriat,Cartoguides locaux,St-André-d'Huiriat,7,Étang de la Grange des Byoux,10,0,6,17,2,4h25,6,12_Etang_de_la_Grange_des_Byoux_St_Andre_d_Huiriat.gpx,130,168,Parking centre village,0.46,16.4,0,OUI,"16,4 km",6,2,jaune,0,7,130 m,pédestre,2,3,,10,10,4,265,20,2,16456.2678633553,2630
NON,68,2,"Rivière Le Menthon, bocage",C.C. de la Veyle,{F7BD4234-8C91-4A93-9E96-02D5FC61CCAA},0,Facile,18,14_Le_bocage_de_St_Cyr_sur_Menthon,Cartoguides locaux,St-Cyr-sur-Menthon,7,Le bocage de St-Cyr-sur-Menthon,10,0,6,20,2,2h38,6,14_Circuit_de_la_poype_St_Cyr_sur_Menthon.gpx,99,170,Parking de la mairie,0.53,9.6,2,OUI,"9,6 km",6,2,jaune,0,7,99 m,pédestre,2,6,,10,10,3,158,20,0,9696.82645727616,2631
NON,43,2,Bois de Mussiat / Point senseible sécurité : Traversée rond point D933 / nuisance visuelle et sonore : A406,C.C. de la Veyle,{0FE596E6-DC1A-4D4C-8204-8B5CBE6AF622},0,Très facile,20,8_Autour_du_paradis_Crottet,Cartoguides locaux,Crottet,3,Autour du paradis,7,2,6,16,1,1h47,6,8_Autour_du_paradis_Crottet.gpx,37,164,Parking au nord du cœur de village,0.48,6.8,0,OUI,"6,8 km",4,2,jaune,0,7,37 m,pédestre,2,6,,0,0,2,107,0,2,6843.47627065703,2632
NON,71,2,"Prairie bocagère, étang de Labâtie, rivière La Veyle",C.C. de la Veyle,{E72A60C5-4EE4-40AA-BFF7-C31122254435},0,Moyen,18,15_La_Neuve_Perrex,Cartoguides locaux,Perrex,7,La Neuve,13,0,6,20,2,3h56,6,15_La_Neuve_Perrex.gpx,87,171,Parking de la mairie,0.48,14.9,2,OUI,"14,9 km",7,2,jaune,0,7,87 m,pédestre,2,6,,10,10,4,236,20,2,14990.3745647168,2633
NON,68,2,"Moulins, rivières, bois",C.C. de la Veyle,{7B428D95-E486-492D-93A9-46CF7FFD7EF3},2,Difficile,18,13_Circuit_du_bocage_et_des_moulins_de_la_Veyle_St_Jean_sur_Veyle,Cartoguides locaux,St-Jean-sur-Veyle,7,Circuit du bocage et des moulins de la Veyle,14,0,6,20,2,5h21,6,13_Circuit_du_bocage_et_des_moulins_de_la_Veyle_St_Jean_sur_Veyle.gpx,162,169,Parking centre village,0.35,19.8,2,OUI,"19,8 km",6,2,jaune,0,7,162 m,pédestre,2,6,,8,8,5,321,16,2,19867.3972653327,2634
NON,69,2,"Bocages, petit patrimoine bâti et biefs",C.C. de la Veyle,{944A10E5-4928-448B-8396-5D6EA9E4E87A},0,Moyen,18,16_Entre_Biefs_et_bocages_St_Julien_sur_Veyle,Cartoguides locaux,St-Julien-sur-Veyle,7,Entre biefs et bocages,11,0,6,20,2,3h19,6,16_Entre_Biefs_et_bocages_St_Julien_sur_Veyle.gpx,80,172,Parking face à l'église,0.39,12.5,2,OUI,"12,5 km",5,2,jaune,0,7,80 m,pédestre,2,6,,10,10,3,199,20,2,12580.5769874753,2635
NON,61,2,"Bois, étang, rivière La Petite Veyle / nuisance LGV",C.C. de la Veyle,{3029D39E-5C3C-417A-9187-8323D44DFF24},0,Moyen,18,6_De_la_petite_Veyle_a_la_chapelle_St_Gengoult_Grieges,Cartoguides locaux,Grièges,7,De la petite Veyle à la Chapelle St-Gengoult,7,0,6,20,1,3h27,6,6_De_la_petite_Veyle_a_la_chapelle_St_Gengoult_Grieges.gpx,65,162,Parking de la mairie,0.51,13.2,0,OUI,"13,2 km",6,2,jaune,0,7,65 m,pédestre,2,6,,8,8,3,207,16,0,13220.5693577724,2636
NON,69,2,Bocage,C.C. de la Veyle,{A35E465F-2C05-4DD0-A680-17EC1515FB12},2,Facile,18,11_La_Balmondiere_St_Andre_d_Huiriat,Cartoguides locaux,St-André-d'Huiriat,7,La Balmondière,11,0,6,20,2,2h00,6,11_La_Balmondiere_St_Andre_d_Huiriat.gpx,60,167,Parking centre village,0.49,7.5,0,OUI,"7,5 km",5,2,jaune,0,7,60 m,pédestre,2,6,,10,10,2,120,20,2,7533.92106873095,2637
NON,73,2,"Site emblématique : château de Fléchères, château de Monbriant, bords de Saône",C.C. Val-de-Saône-Centre,{07031DA5-37BF-4A78-BC5E-BE5859169018},2,Facile,18,15_Le_chateau_de_Flecheres_par_la_Saone,Pas d'édition,Messimy-sur-Saône,7,Le château de Fléchères par la Saône,15,0,6,20,2,2h15,6,oui,59,0,MESSIMY-SUR-SAÔNE : Parking de la halle,0.33,8.6,0,OUI,"8,6 km",7,2,jaune,2,7,59 m,pédestre,2,6,,10,10,2,135,20,2,8589.03938591673,2638
NON,62,2,"Chapelle d'Amareins, Panoramas sur le beaujolais, château de Lurcy, bords de saône",C.C. Val-de-Saône-Centre,{D9F9CB3F-F2FF-4A19-97BB-1729B611225A},0,Moyen,18,14_De_la_chapelle_d_Amareins_a_la_Saone,Pas d'édition,Lurcy ou Messimy-sur-Saône,7,De la chapelle d’Amareins à la Saône,8,0,6,20,2,3h15,6,oui,111,0,LURCY : Parking de l’église / MESSIMY-SUR-SAÔNE : Parking de la halle,0.55,12,0,OUI,12 km,6,2,jaune,0,7,111 m,pédestre,2,6,,8,8,3,195,16,0,12016.8817097228,2639
NON,72,2,"2 pigeonniers, ruine du moulin à huile, bois, panoramas sur le Beaujolais, étang laly, étang de Beybleu, château de la Bâtie",C.C. Val-de-Saône-Centre,{F5327867-F253-4177-A130-2F79CA42A30E},2,Moyen,20,11_Bois_de_Vavres,Pas d'édition,Montceaux,7,Bois de Vavres,12,2,6,20,2,3h15,6,oui,130,0,église de Montceaux (parking),0.31,11.6,0,OUI,"11,6 km",6,2,jaune,0,7,130 m,pédestre,2,6,,10,10,3,195,20,2,11682.2065265821,2640
NON,66,2,"Statue de la Vierge, bois, ferme du Fatier, pigeonniers",C.C. Val-de-Saône-Centre,{DF6DFCE9-1228-4E53-A425-D0B0C7284A5C},0,Moyen,18,10_Des_Peloux_aux_Communaux,"Topoguide local ""Randonnées en Val de Saône Chalaronne""",Peyzieux-sur-Saône,7,Des Peloux aux Communaux,8,0,6,20,2,3h30,6,oui,73,0,Parking de la mairie,0.57,11.1,0,OUI,"11,1 km",6,2,jaune,0,7,73 m,pédestre,2,6,,10,10,4,210,20,0,11627.456294828,2641
NON,73,2,"Sites emblématiques : Les Minimes, belvédère de la croix du paradis, bords de Saône, château des Charmes",C.C. Val-de-Saône-Centre,{BBAD5223-C8C1-4EB0-91C3-41C3D7165513},2,Moyen,20,13_Des_Minimes_au_Paradis,Pas d'édition,Montmerle-sur-Saône ou Guéreins,7,Des Minimes au Paradis,13,2,6,20,2,3h20,6,oui,134,0,Départ de Montmerle-sur-Saône : parc de La Batellerie (parking) / Départ de Guéreins : parking entre la D933 et le centre de Guéreins,0.51,12.4,0,OUI,"12,4 km",7,2,jaune,2,7,134 m,pédestre,2,6,,10,10,3,200,20,0,12101.8853546594,2642
NON,0,2,dénivelé négatif cumulé : 237 m,C.C. Val-de-Saône-Centre,{C7DEB3AA-40D6-4EF4-9B68-538279CFB7A6},, Moyen,0,99_Chemin_du_cure_d_ars, ,Ars sur Formans ,7,Chemin du curé d'ars,0,,0,0,2,5h00,0,oui,193,0, ,,16,0,OUI,16 km,,2, ,,0,193 m,pédestre,2,0,,,,5,300,0,0,15819.0578044607,2643
NON,65,2,"Châteaux de Vataneins et Tavernost, étang de Beybleu",C.C. Val-de-Saône-Centre,{C87C8DD5-9F93-4F4E-BBD7-C13B8A689C05},0,Facile,18,16_Les_chateaux_de_Vataneins_et_Tavernost,Pas d'édition,Cesseins (Amareins-Francheleins-Cesseins),7,Les châteaux de Vataneins et Tavernost,7,0,6,20,2,2h00,6,oui,52,0,Parking de la rue du jeu de boules,0.89,7.6,0,OUI,"7,6 km",5,2,jaune,0,7,52 m,pédestre,2,6,,10,10,2,120,20,0,7614.78677996182,2644
NON,65,2,étang,C.C. Val-de-Saône-Centre,{BA7153F8-5DDE-4B80-B357-689D5CA7CD69},2,Facile,18,4_Les_Jonquilles,"Topoguide local ""Randonnées en Val de Saône Chalaronne""",Garnerans,7,Les Jonquilles,11,0,6,20,2,2h00,6,oui,32,0,Place de la Bascule (parking place de l'église),0.37,6.5,0,OUI,"6,5 km",5,2,jaune,0,7,32 m,pédestre,2,6,,8,8,2,120,16,2,6461.69225686839,2645
NON,69,2,"2 pigeonniers, petit étang, rivière, chemin champêtres",C.C. Val-de-Saône-Centre,{3A8E493A-823A-4323-9FC6-7ADF99E10779},3,Facile,18,17_La_Matre,Pas d'édition,Chaleins,7,La Mâtre,11,0,6,20,2,2h00,6,oui,42,0,Parking de la mairie,0.29,7.6,0,OUI,"7,6 km",4,2,jaune,0,7,42 m,pédestre,2,6,,10,10,2,120,20,2,7606.767049112,2646
NON,66,2,"pont de pierre, chemin de halage de La Chalaronne, bords de Saône, ferme et maison de maître de Merèges, château de Challes",C.C. Val-de-Saône-Centre,{5CB3F003-6D9B-438E-9F24-9403DF3836BB},0,Facile,18,5_Thoissey_nord,"Topoguide local ""Randonnées en Val de Saône Chalaronne""",Thoissey,7,Thoissey nord,8,0,6,20,2,2h30,6,oui,34,0,Place du Collège Royal,0.57,10,0,OUI,10 km,6,2,jaune,0,7,34 m,pédestre,2,6,,10,10,3,150,20,0,9756.32660566922,2647
NON,56,2,"église romane de Bey, prairies du val de Saône, bords de Saône, rivière l'Avanon",C.C. Val-de-Saône-Centre,{22B99DFE-F89E-4819-A5D5-254957590D91},0,Moyen,18,3_Les_Bleuets,"Topoguide local ""Randonnées en Val de Saône Chalaronne""",Garnerans,7,Les Bleuets,8,0,6,20,2,4h00,6,oui,71,0,Place de la Bascule (parking place de l'église),0.52,11.5,0,OUI,"11,5 km",6,2,jaune,0,7,71 m,pédestre,2,6,,5,5,4,240,10,0,11537.460720173,2648
NON,69,2,"ancien moulin, puit, poype, la Chalaronne",C.C. Val-de-Saône-Centre,{1688789E-CE1A-4A4B-AD8F-8B490173D42E},2,Moyen,18,8_Val_Chalaronne,"Topoguide local ""Randonnées en Val de Saône Chalaronne""",St-Etienne-sur-Chalaronne,7,Val Chalaronne,11,0,6,20,2,4h00,6,oui,155,0,Place de l'Abbé Gay (au nord du village),0.47,12,0,OUI,12 km,5,2,jaune,0,7,155 m,pédestre,2,6,,10,10,4,240,20,2,11943.0138950647,2649
NON,72,2,"Parc du Général Marchand, bords de Saône, chemin de halage de La Chalaronne",C.C. Val-de-Saône-Centre,{C6BAD853-EAB2-49BA-A261-3815E0D5DDB1},3,Très facile,18,6_Thoissey_sud,"Topoguide local ""Randonnées en Val de Saône Chalaronne""",Thoissey,7,Thoissey sud,14,0,6,20,2,1h30,6,oui,21,0,Place du Collège Royal,0.38,5,0,OUI,5 km,7,2,jaune,0,7,21 m,pédestre,2,6,,10,10,2,90,20,2,5099.30943748201,2650
NON,65,2,"église d'Illiat, point de vue, ferme et pigeonnier de Collonge",C.C. Val-de-Saône-Centre,{07FF5450-97DF-4923-9C1C-73951645807D},0,Difficile,18,7_Les_Terres,"Topoguide local ""Randonnées en Val de Saône Chalaronne""",Illiat,7,Les Terres,7,0,6,20,2,4h30,6,oui,107,0,Parking avant l'auberge (à côté de l'étang),0.63,15.2,0,OUI,"15,2 km",5,2,jaune,0,7,107 m,pédestre,2,6,,10,10,5,270,20,0,15282.8767432725,2651
NON,75,2,"Site emblématique : belvédère de la croix du Paradis, bords de Saône",C.C. Val-de-Saône-Centre,{5E0BC2E4-5297-4487-B18E-76A10E49FDD6},2,Très facile,20,12_La_croix_du_Paradis,Pas d'édition,Guéreins ou Genouilleux,7,La croix du Paradis,15,2,6,20,2,1h35,6,oui,69,0,Départ de Guéreins : parking entre la D933 et le centre de Guéreins / Départ de Genouilleux : parking de l’église,0.48,5.6,0,OUI,"5,6 km",7,2,jaune,2,7,69 m,pédestre,2,6,,10,10,2,95,20,2,5631.31450669065,2652
NON,64,2,"calvaire gothique, panorama sur le Beaujolais, puit, pressoir, pigeonnier, chapelle St-Claude, bords de Saône",C.C. Val-de-Saône-Centre,{83379BF5-7E85-4564-86DC-30C87E9964B4},0,Moyen,18,9_Du_patrimoine_au_halage,"Topoguide local ""Randonnées en Val de Saône Chalaronne""",Mogneneins,7,Du patrimoine au halage,10,0,6,20,2,4h00,6,oui,95,0,Parking de la mairie,0.43,13.3,0,OUI,"13,3 km",6,2,jaune,0,7,95 m,pédestre,2,6,,8,8,4,240,16,2,13662.1688252981,2653
NON,59,2,"Pigeonnier et rucher du XIXe, chemin de halage en bord de Saône, Merèges (fermes anciennes et maisons de maître)",C.C. Val-de-Saône-Centre,{2802190F-C9A3-4CA1-8EF9-BD6E88FFE983},0,Facile,18,1_Les_bords_de_Saone,"Topoguide local ""Randonnées en Val de Saône Chalaronne""",St-Didier-sur-Chalaronne,7,Les bords de Saône,8,0,6,20,2,2h30,6,oui,15,0,Place des Huguets,0.73,10.2,0,OUI,"10,2 km",6,2,jaune,0,7,15 m,pédestre,2,6,,8,5,3,150,13,0,10227.9212960565,2654
,56,2,"bâti bressan, prairie, moulins",C.C. Bresse et Saône,{89767167-C135-48EA-B78D-76DD6BCA63F3},0,Moyen,12,08_Entre_bocage_et_bois,Cartoguide local,Chavannes-sur-Reyssouze,7,Entre bois et rivière,8,0,3,20,2,3h55,3,oui,99,,Place de la mairie,0.63,14.7,0,OUI,"14,7 km",6,2,jaune,0,7,99 m,pédestre,2,6,,0,8,4,235,16,0,14750.6146633434,2655
,43,2,"Bois, étangs, moulins",C.C. Bresse et Saône,{E131A0F0-C654-4776-AFDB-4DA50E6BECDC},0,Difficile,12,17_Les_Sables,Cartoguide local,Manziat,7,Circuit des Sables,11,0,3,20,2,5h00,3,oui,115,,Parking de l'église,0.43,18.7,0,OUI,"18,7 km",7,2,jaune,0,7,115 m,pédestre,2,6,,0,0,5,300,0,2,18733.288092849,2656
,42,2,"Bords de Saône, calvaires, chapelle de la Madeleine, monument Dumay / Nuisances : 2 passages sous et sur l'autoroute",C.C. Bresse et Saône,{1CFF3347-9062-490C-A077-F70953A6DE7B},0,Difficile,12,21_Ripalonga,Cartoguide local,Replonges,7,Circuit Ripalonga,10,0,3,12,1,5h20,3,oui,125,,Parking de la place Limorin,0.34,20.2,0,OUI,"20,2 km",6,2,jaune,0,3,125 m,pédestre,2,6,,0,0,5,320,8,3,20258.4075852447,2657
,66,2,"bois, bâti bressan, bocage, volaille de bresse",C.C. Bresse et Saône,{66162B1C-2EC4-49A0-B3CF-B46C4E6DFD83},3,Facile,12,29_Les_Platieres,Cartoguide local,St-Etienne-sur-Reyssouze,7,Les Platières,14,0,3,20,2,2h25,3,oui,77,,place du village,0.17,8.8,0,OUI,"8,8 km",6,2,jaune,0,7,77 m,pédestre,2,6,,0,10,2,145,20,3,8825.73428296761,2658
,52,2,"Bords de Saône, vue sur le Maconnais, étang des Frettes, prairies du Val de Saône",C.C. Bresse et Saône,{26A6BD9A-78CB-40D7-9C75-556C1F660CA7},3,Facile,12,03_La_Prairie_d_Asnieres,Cartoguide local,Asnières-sur-Saône,7,La Prairie d'Asnières,15,0,3,20,2,2h35,3,oui,21,,Parking du restaurant du port,0.17,10.2,0,OUI,"10,2 km",7,2,rouge,0,7,21 m,pédestre,2,6,,0,0,3,155,5,3,10215.5619367818,2659
,59,2,"église de style néo-roman, maison haute et basse à pans de bois, bocage bressan",C.C. Bresse et Saône,{D1F96383-66C3-4FDE-880C-9F37BEBDBB31},0,Très facile,12,23_Rencontre_avec_Michel_POISAT,Cartoguide local,Saint-Bénigne,7,Rencontre avec Michel Poisat,7,0,3,20,2,1h50,3,oui,20,,Mairie,0.75,7.2,0,OUI,"7,2 km",5,2,jaune,0,7,20 m,pédestre,2,6,,0,10,2,110,20,0,7199.09763075049,2660
,51,2,"église romane et fresque intérieure, bâti bressan, élévage avicole et culture maraichère",C.C. Bresse et Saône,{C66E5DC0-5473-4242-8D01-66C6CEEB0B53},2,Facile,12,09_Le_Chant_des_Oiseaux,Cartoguide local,Chevroux,7,Le Chant des Oiseaux,11,0,3,20,2,2h05,3,oui,34,,Place de la mairie,0.4,8.1,0,OUI,"8,1 km",5,2,jaune,0,7,34 m,pédestre,2,6,,0,0,2,125,8,2,8135.90694885783,2661
,41,2,"Village et lac de Feillens, bords de Saône / 2 passages sous l'autoroute",C.C. Bresse et Saône,{CC76E0F9-5612-4CB0-A7FB-1322F45C4E51},0,Moyen,12,14_Le_Lac_de_Feillens,Cartoguide local,Feillens,7,Le Lac de Feillens,9,0,3,20,0,3h10,3,oui,28,,Parking de la place Lacharme,0.52,12.2,0,OUI,"12,2 km",7,2,jaune,2,7,28 m,pédestre,2,6,,0,0,3,190,0,0,12101.4142313756,2662
,54,2,"église, bâti bressan, bocage, poypes",C.C. Bresse et Saône,{38E8F5DB-8C73-4782-8E9C-F2D1B3185D69},0,Moyen,12,10_Les_saveurs_de_la_Bresse,Cartoguide local,Chevroux,7,Les saveurs de la Bresse,6,0,3,20,2,3h15,3,oui,89,,Place de la mairie,0.57,12.2,0,OUI,"12,2 km",4,2,vert,0,7,89 m,pédestre,2,6,,0,8,3,195,16,0,12261.4770263307,2663
,60,2,"bois, chapelle de Feillens, calvaires",C.C. Bresse et Saône,{D168B927-60B5-4842-B7A8-C8B23720E4B1},0,Facile,12,15_La_Chapelle_de_Feillens,Cartoguide local,Feillens,7,La Chapelle de Feillens,8,0,3,20,2,2h55,3,oui,68,,Parking de la place Lacharme,0.55,10.8,0,OUI,"11,2 km",6,2,jaune,0,7,68 m,pédestre,2,6,,0,10,3,175,20,0,11218.0170582483,2664
,51,2,"Prairie, site emblématique : île de la Motte (oiseaux), Saône",C.C. Bresse et Saône,{B599311C-BE7F-4122-82A7-1955E10D5AF5},0,Moyen,12,24_L_ile_de_la_Motte,Cartoguide local,Saint-Bénigne,7,L'île de la Motte,12,0,3,20,2,3h55,3,oui,75,,Mairie,0.6,14.8,2,OUI,"14,8 km",6,2,rouge,2,7,75 m,pédestre,2,6,,0,2,4,235,7,0,14830.4301282238,2665
,65,2,"église, fermes bressanes à cheminée sarrasine, bâti bressan, bocage",C.C. Bresse et Saône,{824CA388-B5C8-4119-A983-65A217388563},3,Facile,12,06_A_la_recherche_des_cheminees_sarrasines,Cartoguide local,Boissey,7,A la recherche des cheminées sarrasines,13,0,3,20,2,2h35,3,oui,74,,place du village,0.38,9.5,0,OUI,"9,5 km",6,2,rouge,0,7,74 m,pédestre,2,6,,0,10,3,155,20,2,9577.11296250923,2666
,56,2,"Patrimoine bâti, église de St-André-de-Bâgé, Bâgé-le-Châtel",C.C. Bresse et Saône,{8194372F-7EE7-40BB-87CD-04CD4434A8FF},0,Facile,12,27_Circuit_des_chapelles_et_chateaux,Cartoguide local,St-André-de-Bâgé (ou Bâgé-le-Châtel ),7,Circuit des chapelles et châteaux,8,0,3,20,2,2h40,3,oui,72,,Parking de l'église,0.75,9.9,0,OUI,"9,9 km",6,2,jaune,0,7,72 m,pédestre,2,6,,0,8,3,160,16,0,9931.19707174494,2667
,47,2,"Lac de Feillens, bords de Saône, pigeonnier",C.C. Bresse et Saône,{ACF38DDB-520C-4AC5-A03D-38B562C3849A},0,Facile,0,30_Les_bords_de_Saone,Cartoguide local,Vésines,7,Circuit des bords de Saône,10,0,0,12,2,2h35,0,oui,25,,Parking du restaurant du port,0.46,10,0,OUI,10 km,6,2,jaune,0,7,25 m,pédestre,2,6,,0,0,3,155,0,0,9994.51752179972,2668
,39,2,"Marais de Jarine à proximité, Chantier médiéval de Montcornelles",C.A. Haut-Bugey,{0C276D13-8CEE-4CAF-92D8-A57159CFD34C},0,Moyen,4,19_Boucle_d_Aranc,Pas de guide,Aranc,7,Le sentier de Montcornelles ,10,0,0,20,2,3h15,0, ,264,0,Parking de la mairie,0.5,10.4,0,OUI,"10,4 km",6,0,jaune,0,7,264 m,pédestre,2,6,,5,0,3,195,5,2,10419.8686551526,2669
,44,2,"Château de Champdor, forêt",C.A. Haut-Bugey,{AC900501-34A4-435F-A157-FF9189505DFB},3,Très facile,8,06_La_foret_du_Baron,Balades et randonnées sur le plateau d'hauteville (ARP Hauteville-Albarine),Champdor-Corcelle,7,La forêt du Baron,14,2,3,20,2,1h30,0,oui,123,0,Château de Champdor,0.2,4.8,0,OUI,"4,8 km",6,0,jaune,0,7,123 m,pédestre,1,6,,0,2,2,90,2,3,4789.19345296103,2670
,39,2,"Château de Champdor, Borne des 3 cantons, bois de Champdor.",C.A. Haut-Bugey,{F63CF211-61F2-4317-92D8-409D6FC28811},0,Moyen,9,05_La_borne_des_3_cantons_Montfalcon_Champdor,Balades et randonnées sur le plateau d'hauteville (ARP Hauteville-Albarine),Champdor-Corcelle,7,La borne des Trois cantons et Montfalcon,10,2,3,20,2,3h05,0,oui,367,0,Château de Champdor,0.46,8.7,0,OUI,"8,7 km",6,0,vert,0,7,367 m,pédestre,2,6,,0,0,3,185,0,2,8757.23085325854,2671
,45,2,"Site emblématique : Panorama de la vierge de Lacoux, rocher du grand sangle, stèle du Maquis. Point de sécurité sensible : gouffres secteur Rocher du Grand Sangle",C.A. Haut-Bugey,{92450F1C-A1F0-4030-9CA7-E0A40D8CB58C},2,Facile,9,03_La_Vierge_de_Lacoux,"RP Bugey (FFRandonnée Ain), Balades et randonnées sur le plateau d'hauteville (ARP Hauteville-Albarine)",Hauteville-Lompnes,7,La Vierge de Lacoux,19,2,3,17,2,3h15,0,oui,244,0,Parking du Centre d'Art Contemporain,0.24,8.2,2,OUI,"8,2 km",8,0,bleu/jaune et jaune/Rouge,2,7,244 m,pédestre,2,3,,0,0,3,195,0,3,8170.01113171214,2672
NON,,,,C.A. du Bassin de Bourg-en-Bresse,{5F21BE85-855B-4B9F-BFC3-50CC014084C7},,Facile,,030_Poype_de_la_Griffonniere,,Villemotier,,Poype de la Griffonnière ,,,,,,2h25,,oui,112,0,Place de l'église,0.36,8.6,,OUI,"8,6 km",,,jaune,,,112 m,pédestre,,,,,,2,145,,,8621.85357665525,2673
NON,,,,C.A. du Bassin de Bourg-en-Bresse,{A53898EB-C1FD-45BA-B064-B51ADBCDD583},,Moyen,,009_Coligny_Etang_de_Fougemagne,,Coligny,,Coligny - Etang Fougemagne,,,,,,3h15,,oui,154,0,Place de l'église,0.57,11.3,,OUI,"11,3 km",,,jaune,,,154 m,pédestre,,,,,,3,195,,,11314.1020709891,2674
NON,,,,C.A. du Bassin de Bourg-en-Bresse,{507E76A6-10A6-4735-9DAC-91FB7FDA5D96},,Moyen,,008_Etangs_de_Bizadan_et_But,,Bresse Vallon / St Etienne du Bois,,Etangs Bizadan et But,,,,,,3h45,,oui,77,0,Parking de l'étang de But,0.32,14.2,,OUI,"14,2 km",,,jaune,,,77 m,pédestre,,,,,,4,225,,,14288.0305312953,2675
NON,,,,C.A. du Bassin de Bourg-en-Bresse,{7A3BE392-96D7-4964-B809-98C4F0C2B8B0},,Moyen,,029_Vescours_Etangs_bressans_et_Moulin_Morel,,Vescours,,Etangs de Bresse et moulin Morel,,,,,,3h40,,oui,88,0,Parking de l'église,0.62,13.8,,OUI,"13,8 km",,,jaune,,,88 m,pédestre,,,,,,4,220,,,13859.926070884,2676
NON,,,,C.A. du Bassin de Bourg-en-Bresse,{F99FA5A7-B218-48A4-91BC-31B6FA167AD0},,Moyen,,007_Cras_et_l_etang_Bizadan,,Bresse Vallon,,Cras – Etang de Bizadan,,,,,,3h05,,oui,58,0,Parking de la salle des fêtes - Cras/R,0.45,11.8,,OUI,"11,8 km",,,jaune,,,58 m,pédestre,,,,,,3,185,,,11878.5006705806,2677
NON,,,,C.A. du Bassin de Bourg-en-Bresse,{F5F92234-C35E-4002-8D2F-FCB66AEBC81F},,Difficile,,039_Maquis_de_l_Ain_Camp_de_Cize,,Corveissiat / Cize,,Maquis du Revermont - Camp de Cize,,,,,,5h00,,oui,421,0,Parking de la salle des fêtes,0.3,15.3,,OUI,"15,3 km",,,jaune,,,421 m,pédestre,,,,,,5,300,,,15309.900634942,2678
NON,,,,C.A. du Bassin de Bourg-en-Bresse,{064E0A7C-96F7-4DCD-8AEE-0E2D6D572C11},,Moyen,,005_Bocage_d_Etrez,,Bresse Vallon / Malafretaz,,Bocage d’Etrez,,,,,,3h40,,oui,81,0,Place de l'église,0.4,14,,OUI,14 km,,,jaune,,,81 m,pédestre,,,,,,4,220,,,14029.6234820429,2679
NON,,,,C.A. du Bassin de Bourg-en-Bresse,{73F2D8DC-0C9E-4D74-BC84-27DA168FB78B},,Difficile,,090_St_Martin_Mont_Turgon_Gorges_du_Suran,,St Martin du Mont / Druillat,,Belvédère du Mont Turgon - Gorges du Suran,,,,,,4h00,,oui,309,0,Place de la mairie,0.14,12.9,,OUI,"12,9 km",,,jaune,,,309 m,pédestre,,,,,,4,240,,,12866.9286674838,2680
NON,,,,C.A. du Bassin de Bourg-en-Bresse,{576D1A45-5AF1-46F4-A565-24DA5DF7CF4C},,Difficile,,003_Bois_de_Fougemange_Vallees_Solnan_Sevron,,Beaupont / Domsure,,Forêt de Fougemagne - Vallées Solnan-Sevron,,,,,,4h15,,oui,208,0,Parking place publique,0.48,14.8,,OUI,"14,8 km",,,jaune,,,208 m,pédestre,,,,,,4,255,,,14893.2991349077,2681
NON,,,,C.A. du Bassin de Bourg-en-Bresse,{1A62D435-E14F-4E3A-9439-A5EEB415CD1E},,Facile,,069_Ceyzeriat_Vallon_de_Faulx_et_Pont_du_Vendangeur,,Ceyzeriat,,Vallon de Faulx - Pont des Vendangeurs,,,,,,2h10,,oui,200,0,Place de la mairie,0.31,6.7,,OUI,"6,7 km",,,jaune,,,200 m,pédestre,,,,,,2,130,,,6601.89928568225,2682
NON,,,,C.A. du Bassin de Bourg-en-Bresse,{BA2390E8-582C-46E1-B9A3-3645FB78FBB4},,Difficile,,002_Beaupont_Etang_baisse,,Beaupont / Cormoz,,Beaupont - Etang La Baisse,,,,,,4h40,,oui,152,0,Parking place publique,0.53,17.2,,OUI,"17,2 km",,,jaune,,,152 m,pédestre,,,,,,5,280,,,17301.4716019515,2683
NON,,,,C.A. du Bassin de Bourg-en-Bresse,{55C87A05-86AA-4B38-874C-E8E602776EC4},,Moyen,,095_Certines_Chateau_Genoud,,Certines,,Certines – Château Genoud,,,,,,3h25,,oui,45,0,Place de la mairie,0.46,13.2,,OUI,"13,2 km",,,jaune,,,45 m,pédestre,,,,,,3,205,,,13289.2979085761,2684
NON,,,,C.A. du Bassin de Bourg-en-Bresse,{9A7CE817-C5DA-4AE2-B376-369544B690E1},,Moyen,,096_Dompierre_sur_Veyle_Chateau_Montchamp,,Dompierre sur Veyle,,Dompierre sur Veyle - Château Montchamp ,,,,,,3h20,,oui,82,0,Parking du plan d'eau,0.45,12.6,,OUI,"12,6 km",,,jaune,,,82 m,pédestre,,,,,,3,200,,,12666.5221072942,2685
NON,,,,C.A. du Bassin de Bourg-en-Bresse,{464EEC3A-D152-4EB4-AA6A-B7B2BD330D2B},,Très facile,,097_Lent_Etang_Pommier_AR,,Lent,,Etang Pommier (AR),,,,,,1h45,,oui,37,0,Parking stade de foot,0.27,6.5,,OUI,"6,5 km",,,jaune,,,37 m,pédestre,,,,,,2,105,,,3180.60163519061,2686
NON,,,,C.A. du Bassin de Bourg-en-Bresse,{C76C2934-3B07-4F28-99C7-7F9F11728F38},,Moyen,,070_Drom_Vallee_seche_du_Revermont,,Drom / Ramasse,,Vallée sèche du Revermont,,,,,,3h20,,oui,293,0,Place de l'église,0.32,10.3,,OUI,"10,3 km",,,jaune,,,293 m,pédestre,,,,,,3,200,,,10381.1013303927,2687
OUI (gué inondé),,,,C.A. du Bassin de Bourg-en-Bresse,{91F386AF-759C-49E7-A381-B19AABE8C2B3},,Difficile,,068_Bohas_Vallee_du_Suran,,Bohas-Meyriat-Rignat,,Bohas - Vallée du Suran,,,,,,4h35,,oui,255,0,Place de Bohas,0.21,15.7,,OUI,"15,7 km",,,jaune,,,255 m,pédestre,,,,,,5,275,,,15709.4929155148,2688
NON,,,,C.A. du Bassin de Bourg-en-Bresse,{097A4F9A-9F21-4D23-B153-0CFFE5A99568},,Facile,,015_Prairie_de_Jayat,,Jayat / Foissiat,,Les prairies de Jayat,,,,,,2h40,,oui,54,0,Parking routier de Jayat,0.37,10.2,,OUI,"10,2 km",,,jaune,,,54 m,pédestre,,,,,,3,160,,,10261.7987011357,2689
NON,,,,C.A. du Bassin de Bourg-en-Bresse,{5019FE18-359A-4122-BF97-F784FA3CCE7E},,Facile,,051_Salavre_Le_sentier_des_chapelles,,Salavre,,Sentier des chapelles de Salavre,,,,,,2h17,,oui,274,0,Place de l'église,0.17,6.4,,OUI,"6,4 km",,,jaune,,,274 m,pédestre,,,,,,2,137,,,6409.98020077848,2690
NON,,,,C.A. du Bassin de Bourg-en-Bresse,{AE056206-AFFA-4C6D-9FD1-381D50485AAB},,Très facile,,022_Tour_des_lacs_grand_tour,,Malafretaz,,Grand Tour des lacs - Plaine Tonique,,,,,,2h00,,oui,28,0,Parking de la base de loisirs,0,7.5,,OUI,"7,5 km",,,jaune,,,28 m,pédestre,,,,,,2,120,,,7587.79137087241,2691
NON,,,,C.A. du Bassin de Bourg-en-Bresse,{D9D24808-38CE-420C-9E4B-1B94A6F4D23C},,Très facile,,050_Chavannes_Arnans_Montee_du_facteur_AR,,Nivigne Suran,,Montée du facteur (AR Chavannes Arnans),,,,,,1h15,,oui,218,0,Camping municipal,0.28,2.8,,OUI,"2,8 km",,,jaune,,,218 m,pédestre,,,,,,1,75,,,1438.61392076386,2692
NON,,,,C.A. du Bassin de Bourg-en-Bresse,{3D5FAAD0-7E34-49A7-9AB8-68B55BA47043},,Très facile,,049_Chavannes_Col_en_Giriat_AR,,Nivigne Suran,,Col en Giriat (AR col-Montfort),,,,,,0h20,,oui,10,0,,0,1.2,,OUI,"1,2 km",,,jaune,,,10 m,pédestre,,,,,,0,20,,,597.999594155193,2693
NON,,,,C.A. du Bassin de Bourg-en-Bresse,{859B17F8-17D5-4F45-AE59-543258389062},,Facile,,087_Ramasse_Sous_les_roches_de_Cuiron,,Ramasse,,Les Conches - Sous les roches de Cuiron,,,,,,2h20,,oui,215,0,Chapelle des Conches,0.13,7.2,,OUI,"7,2 km",,,jaune,,,215 m,pédestre,,,,,,2,140,,,7270.46582453799,2694
NON,,,,C.A. du Bassin de Bourg-en-Bresse,{B617CE62-DE13-42C2-B03B-B8B766100850},,Moyen,,011_Etangs_de_Mepillat_et_Pontremble,,Cormoz / St Nizier le Bouchoux,,Bocage de Cormoz – Etang de Mépillat,,,,,,3h50,,oui,104,0,Place de l'école + Plan d'eau de Mépillat,0.56,14.4,,OUI,"14,4 km",,,jaune,,,104 m,pédestre,,,,,,4,230,,,13570.2432111256,2695
NON,,,,C.A. du Bassin de Bourg-en-Bresse,{2B13E41C-4421-4D33-96A0-FE441B92145E},,Facile,,042_Courmangoux_Refuge_du_Mont_Myon,,Courmangoux / Val Revermont,,Refuge du Mont Myon ,,,,,,2h40,,oui,338,0,Plan d'eau de Chevignat,0.23,6.9,,OUI,"6,9 km",,,jaune,,,338 m,pédestre,,,,,,3,160,,,6988.47114873496,2696
NON,,,,C.A. du Bassin de Bourg-en-Bresse,{D96A1296-9F4B-41D9-8DDC-22433DAE840B},,Moyen,,034_Salavre_Tour_du_Mont_St_Remy,,Coligny / Salavre,,Tour de St Rémy du Mont,,,,,,3h25,,oui,346,0,Place de la mairie,0.36,10,,OUI,10 km,,,jaune,,,346 m,pédestre,,,,,,3,205,,,10073.9512946247,2697
NON,,,,C.A. du Bassin de Bourg-en-Bresse,{A47B0D74-F68C-4912-AD42-95FB3955B4B8},,Difficile,,040_Corveissiat_Tour_du_plateau_d_Arnans_Toulongeon,,Corveissiat,,Plateau d’Arnans - Ruines de Toulongeon,,,,,,6h15,,oui,567,0,Eglise d'Arnans,0.17,19.1,,OUI,"19,1 km",,,jaune,,,567 m,pédestre,,,,,,6,375,,,19106.2897781587,2698
NON,,,,C.A. du Bassin de Bourg-en-Bresse,{FC3F15EC-8BE3-41BB-AFAA-D817C8B0E392},,Moyen,,010_Cormoz_Etang_de_Baisse,,Cormoz / Beaupont,,Cormoz – Etang La Baisse,,,,,,3h50,,oui,155,0,Place de l'école,0.51,13.6,,OUI,"13,6 km",,,jaune,,,155 m,pédestre,,,,,,4,230,,,13602.5232742716,2699
NON,,,,C.A. du Bassin de Bourg-en-Bresse,{08E4123F-7DEE-47F8-8205-7D2CC89C6BEE},,Difficile,,036_Corveissiat_Sur_les_pas_des_Chartreux_de_Selignac,,Corveissiat,,Sur les pas des Chartreux de Sélignac,,,,,,6h30,,oui,624,0,Place d'Arnans,0.24,19.4,,OUI,"19,4 km",,,jaune,,,624 m,pédestre,,,,,,7,390,,,19407.8363188379,2700
NON,,,,C.A. du Bassin de Bourg-en-Bresse,{D5D168EA-DC98-4C24-8569-14AC2E89986F},,Facile,,038_Corveissiat_Belvederes_de_Chatillon,,Corveissiat,,Belvédères de Chatillon,,,,,,2h00,,oui,155,0,Parking de la salle des fêtes,0.41,5.5,,OUI,"5,5 km",,,jaune,,,155 m,pédestre,,,,,,2,120,,,5578.50387710175,2701
NON,,,,C.A. du Bassin de Bourg-en-Bresse,{D9D8B35F-4C21-400F-BEE4-EEF5EE58838E},,Facile,,037_Corveissiat_Reculee_et_grotte_de_Corveissiat,,Corveissiat,,Reculée et grotte de Corveissiat,,,,,,1h00,,oui,117,0,Parking de la salle des fêtes,0,2.6,,OUI,"2,6 km",,,jaune,,,117 m,pédestre,,,,,,1,60,,,2683.99163101276,2702
NON,,,,C.A. du Bassin de Bourg-en-Bresse,{D106BF3A-D812-476D-8285-AC7D4454A64F},,Facile,,043_Courmangoux_Chevignat_Mont_Myon_AR,,Courmangoux,,Chevignat - Mt Myon (AR),,,,,,2h00,,oui,338,0,Plan d'eau de Chevignat,0.1,4.6,,OUI,"4,6 km",,,jaune,,,338 m,pédestre,,,,,,2,120,,,1054.32334093525,2703
NON,,,,C.A. du Bassin de Bourg-en-Bresse,{8AA7E1FB-9C62-4169-82C5-9565967AC359},,Très facile,,046_Courmangoux_Tour_du_Sentier_Memoire_de_Pierre,,Courmangoux,,Tour du Sentier Mémoire de Pierre,,,,,,1h00,,oui,108,0,Place de Roissiat,0.15,2.6,,OUI,"2,6 km",,,jaune,,,108 m,pédestre,,,,,,1,60,,,2653.24613228561,2704
NON,,,,C.A. du Bassin de Bourg-en-Bresse,{A43B4E50-0F5A-4E78-AD01-A6B343AE3CAB},,Facile,,047_Meillonnas_Crete_de_Plantaglay_Grotte_des_fees,,Meillonnas,,Crête de Plantaglay – Grotte des fées,,,,,,2h15,,oui,229,0,Place du Pré de la Cour,0.13,6.6,,OUI,"6,6 km",,,jaune,,,229 m,pédestre,,,,,,2,135,,,6541.33783853512,2705
NON,,,,C.A. du Bassin de Bourg-en-Bresse,{44CFB4E3-5F04-4BBD-BB8F-5CA319D43FB1},,Difficile,,048_Chavannes_Crete_de_Lomont_Mt_Nivigne,,Nivigne Suran,,Crête de Lomont - Mt Nivigne,,,,,,5h45,,oui,554,0,Camping municipal,0.12,17.5,,OUI,"17,5 km",,,jaune,,,554 m,pédestre,,,,,,6,345,,,17524.7297284339,2706
NON,,,,C.A. du Bassin de Bourg-en-Bresse,{0A98C01C-F052-4F91-BE81-7649AFD4065B},,Facile,,045_Courmangoux_Belvedere_de_la_carriere_de_Roissiat,,Courmangoux,,Belvédère de la carrière de Roissiat,,,,,,2h30,,oui,262,0,Place de Roissiat + Col de Plain Champ,0.2,7.3,,OUI,"7,3 km",,,jaune,,,262 m,pédestre,,,,,,3,150,,,7467.56527560843,2707
NON,,,,C.A. du Bassin de Bourg-en-Bresse,{2BD98401-0934-44DE-9304-B7D492299A6C},,Facile,,054_Simandre_Menhir_de_Pierre_fiche,,Simandre/S,,Menhir de Pierre Fiche - Gués du Suran,,,,,,1h30,,oui,75,0,Place de la fromagerie,0.56,5.1,,OUI,"5,1 km",,,jaune,,,75 m,pédestre,,,,,,2,90,,,5019.73582635507,2708
NON,,,,C.A. du Bassin de Bourg-en-Bresse,{0A331DAF-D137-427E-9ACB-D67C8D456567},,Moyen,,109_Etang_Barvey,,St Denis les Bourg / Buellas,,Etang Barvey ,,,,,,3h00,,oui,71,0,Parking Esplanade de la liberté,0.77,11.3,,OUI,"11,3 km",,,jaune,,,71 m,pédestre,,,,,,3,180,,,9416.41244612828,2709
NON,,,"11 km, s'entend A/R",C.A. du Bassin de Bourg-en-Bresse,{B8A9857C-7139-40D9-8729-840E8F4F7F5E},,Très facile,,021_Tour_des_lacs_petit_tour,,Malafretaz,,Plaine Tonique - Lac de Corcelle (AR Petit tour des lacs),,,,,,1h00,,oui,14,0,Parking de la base de loisirs,0,4,,OUI,4 km,,,jaune,,,14 m,pédestre,,,,,,1,60,,,6269.24015950255,2710
NON,,,,C.A. du Bassin de Bourg-en-Bresse,{BED0EB10-082C-4F96-86E5-7A271FB568D7},,Très facile,,098_Lent_Foret_de_la_Rena,,Lent,,Forêt de la Rena,,,,,,1h55,,oui,45,0,Parking La Rena sud,0,7.2,,OUI,"7,2 km",,,jaune,,,45 m,pédestre,,,,,,2,115,,,7252.3058466423,2711
NON,,,,C.A. du Bassin de Bourg-en-Bresse,{BEC740AF-3171-4A51-B0AA-2D4FCB5F14AA},,Facile,,014_Foissiat_Source_Bourbouillon_AR,,Foissiat /Bresse Vallon,,Source Bourbouillon - Arboretum d'Etrez (AR Foissiat),,,,,,2h30,,oui,112,0,Parking du château d'eau,0.45,8.8,,OUI,"8,8 km",,,jaune,,,112 m,pédestre,,,,,,3,150,,,4209.87714042622,2712
NON,,,,C.A. du Bassin de Bourg-en-Bresse,{210F7ACC-CB7D-4B22-B2AA-ED0E47399539},,Facile,,085_Col_de_France_Plateau_des_Conches,,Meillonnas,,Col de France - Plateau des Conches ,,,,,,2h30,,oui,225,0,Parking du col de France,0.03,7.7,,OUI,"7,7 km",,,jaune,,,225 m,pédestre,,,,,,3,150,,,7785.3674349439,2713
NON,,,,C.A. du Bassin de Bourg-en-Bresse,{53FB20C9-07AA-4A4F-9C76-1B9202E95FA7},,Difficile,,071_Simandre_Mont_du_Couloir_Grand_Corent,,Grand Corent / Simandre,,Mont du Couloir - Grand Corent ,,,,,,4h20,,oui,422,0,Place de la fromagerie,0.28,13.1,,OUI,"13,1 km",,,jaune,,,422 m,pédestre,,,,,,4,260,,,13151.1509167555,2714
NON,,,,C.A. du Bassin de Bourg-en-Bresse,{0D695B67-F219-4D0B-BB75-54D2766844D4},,Facile,,081_Tossiat_Lavoir_de_la_Chanaz_AR,,Tossiat / Journans,,Lavoir de la Chanaz  (AR),,,,,,1h00,,oui,82,0,Place de la mairie,0.56,3.2,,OUI,"3,2 km",,,jaune,,,82 m,pédestre,,,,,,1,60,,,1738.86657808072,2715
NON,,,,C.A. du Bassin de Bourg-en-Bresse,{380BF4A9-E6D1-4406-A96B-A24C80B332E4},,Très facile,,102_Peronnas_Le_gros_chene,,Péronnas,,Le gros chêne,,,,,,1h30,,oui,41,0,Parking des Carronnières,0,5.7,,OUI,"5,7 km",,,jaune,,,41 m,pédestre,,,,,,2,90,,,5783.82633622329,2716
NON,,,,C.A. du Bassin de Bourg-en-Bresse,{B57505F2-25BA-49E5-A29C-50B68964A542},,Moyen,,013_Chartreuse_de_Montmerle_Moulin_Bruno,,Foissiat / Jayat,,Chartreuse de Montmerle – Moulin Bruno,,,,,,3h05,,oui,73,0,Parking du château d'eau + parking routier de Jayat,,11.7,,OUI,"11,7 km",,,jaune,,,73 m,pédestre,,,,,,3,185,,,11726.2879313535,2717
NON,,,,C.A. du Bassin de Bourg-en-Bresse,{3F82A10E-2F65-45C8-BB12-04064D2024AD},,Facile,,017_Marboz_Prairie_de_Grosbost,,Marboz,,Marboz et la prairie de Grosbost,,,,,,2h30,,oui,99,0,Place du Champ de foire,0.41,9,,OUI,9 km,,,jaune,,,99 m,pédestre,,,,,,3,150,,,9074.07488100781,2718
NON,,,,C.A. du Bassin de Bourg-en-Bresse,{E7AABC65-BA98-48C3-B01B-10EE338F4B40},,Moyen,,077_Jasseron_Tour_des_Combes,,Jasseron,,Tour des Combes,,,,,,2h55,,oui,266,0,Parking de la salle des fêtes (Place B Chanel),0.19,8.8,,OUI,"8,8 km",,,jaune,,,266 m,pédestre,,,,,,3,175,,,8820.7768118768,2719
NON,,,,C.A. du Bassin de Bourg-en-Bresse,{FA227EE3-548C-48ED-AAB7-C0D1116D91AF},,Difficile,,072_Hautecourt_R_Tour_de_la_vallee_de_Buenc,,Hautecourt-R / Cize,,Tour de la Vallée de Buenc ,,,,,,7h10,,oui,730,0,Parking de la mairie,0.14,21.1,,OUI,"21,1 km",,,jaune,,,730 m,pédestre,,,,,,7,430,,,21164.3535236596,2720
NON,,,,C.A. du Bassin de Bourg-en-Bresse,{322F12A8-4491-431A-B64B-9C95EEC76EAD},,Facile,,075_Hautecourt_Chemin_des_dinos_et_balade_geologique,,Hautecourt-R,,Piste des Dinosaures et balade géologique ,,,,,,1h55,,oui,214,0,Parking de la carrière de Villette + Parking belvédère du Jarbonnet,0.21,5.5,,OUI,"5,5 km",,,jaune,,,214 m,pédestre,,,,,,2,115,,,5539.56629557849,2721
NON,,,,C.A. du Bassin de Bourg-en-Bresse,{CE6CB662-15FC-4DE2-A903-57663D77AEC4},,Facile,,074_Hautecourt_R_Reserve_Naturelle_Nationale_de_Hautecourt,,Hautecourt-R,,Réserve Naturelle Nationale de Hautecourt,,,,,,1h45,,oui,174,0,Parking de la mairie,0.24,5.3,,OUI,"5,3 km",,,jaune,,,174 m,pédestre,,,,,,2,105,,,5394.99786593544,2722
NON,,,,C.A. du Bassin de Bourg-en-Bresse,{7BA5E72E-CA57-4DFE-A9B7-B0F446C78188},,Facile,,067_Hautecourt_R_Donjon_de_Buenc,,Bohas-Meyriat-Rignat / Hautecourt-R,,Donjon de Buenc,,,,,,2h25,,oui,246,0,Place de Bohas,0.16,7.2,,OUI,"7,2 km",,,jaune,,,246 m,pédestre,,,,,,2,145,,,6447.20842026267,2723
NON,,,,C.A. du Bassin de Bourg-en-Bresse,{C00D8BC1-70B7-47EF-8C52-750DF9B30E39},,Facile,,073_Hautecourt_R_Villette_Reserve_Naturelle_AR,,Hautecourt-R,,Réserve Naturelle - Rocher Jarbonnet (AR),,,,,,1h10,,oui,143,0,Villette,0.48,3.3,,OUI,"3,3 km",,,jaune,,,143 m,pédestre,,,,,,1,70,,,1684.84042140067,2724
NON,,,,C.A. du Bassin de Bourg-en-Bresse,{7EE6459B-2FA4-45A5-A486-34E53D2EDCB2},,Facile,,079_Journans_Mont_Rignat,,Journans / Bohas-Meyriat-Rignat,,Mont Rignat,,,,,,2h25,,oui,307,0,Place de la mairie + Parking de l'église (Rignat),0.15,6.4,,OUI,"6,4 km",,,jaune,,,307 m,pédestre,,,,,,2,145,,,6415.6715222706,2725
NON,,,,C.A. du Bassin de Bourg-en-Bresse,{059BCA2A-9875-4D81-B7C6-E7C9A49E9B79},,Moyen,,088_Revonnas_Brame_Chevre,,Revonnas / Ceyzeriat,,Revonnas - En Brame Chèvre,,,,,,3h45,,oui,345,0,Place de l'église,0.25,11.4,,OUI,"11,4 km",,,jaune,,,345 m,pédestre,,,,,,4,225,,,11463.9954853892,2726
NON,,,,C.A. du Bassin de Bourg-en-Bresse,{E6056D29-707B-44F2-8AE6-EA0D4532F0ED},,Moyen,,076_Hautecourt_R_Roche_du_Jarbonnet_Riviere_d_Ain,,Hautecourt-R / Cize,,Belvédères du Jarbonnet - Rivière d'Ain,,,,,,3h30,,oui,310,0,Parking du Jarbonnet,0.24,10.9,,OUI,"10,9 km",,,jaune,,,310 m,pédestre,,,,,,4,210,,,10967.2764717907,2727
NON,,,,C.A. du Bassin de Bourg-en-Bresse,{073C3D71-A9BD-4DDE-BA75-75AC1F0E3E2A},,Très facile,,093_Bouvent_Seillon_AR,,Bourg en Bresse,,Bouvent Seillon (AR),,,,,,0h55,,oui,31,0,Parking du park de loisirs,0.3,3.3,,OUI,"3,3 km",,,jaune,,,31 m,pédestre,,,,,,1,55,,,1631.11405250204,2728
NON,,,,C.A. du Bassin de Bourg-en-Bresse,{CEC36C10-E246-4E31-BC6D-D5DAE652AEC1},,Difficile,,083_Meillonnas_Mont_Grillerin_Col_de_France,,Meillonnas / Val Revermont,,Belvédère du Mont de Grillerin,,,,,,5h05,,oui,460,0,Place du Pré de la Cour,0.14,15.6,,OUI,"15,6 km",,,jaune,,,460 m,pédestre,,,,,,5,305,,,15620.426918415,2729
NON,,,,C.A. du Bassin de Bourg-en-Bresse,{7287178A-35A1-4B15-A318-E6FA78A14BC1},,Facile,,099_Lent_Veyle_et_etangs,,Lent,,"Lent, entre Veyle & Etangs",,,,,,2h40,,oui,44,0,Parking stade de foot,0.45,10,,OUI,10 km,,,jaune,,,44 m,pédestre,,,,,,3,160,,,10035.472742439,2730
NON,,,,C.A. du Bassin de Bourg-en-Bresse,{E62A7064-32FB-4B98-AB47-352F16740DF7},,Très facile,,103_Seillon_La_Rena_AR,,Péronnas,,Seillon La Rena (AR),,,,,,0h50,,oui,5,0,Parking du Gros chêne,0,5.4,,OUI,"5,4 km",,,jaune,,,5 m,pédestre,,,,,,1,50,,,2757.95270885768,2731
NON,,,,C.A. du Bassin de Bourg-en-Bresse,{38CA1DE6-EB61-4F2E-9B57-2F4D09655F90},,Moyen,,100_Vandeins_Montcet_Vallee_de_l_Irance_dep_Vandeins,,Vandeins / Montcet,,"Vallée de L’Irance, entre Montcet et Vandeins",,,,,,3h05,,oui,119,0,Parking des stades + Place de l'église (Montcet),0.5,11,,OUI,11 km,,,jaune,,,119 m,pédestre,,,,,,3,185,,,11067.7665647569,2732
NON,,,,C.A. du Bassin de Bourg-en-Bresse,{3277C165-0F86-4DF0-8EF2-E8FE6144C751},,Facile,,018_Maronnas_et_le_bois_de_la_Deserte,,Marsonnas,,Marsonnas - Bois de la Déserte,,,,,,2h30,,oui,60,0,Place de l'église,0.46,9.5,,OUI,"9,5 km",,,jaune,,,60 m,pédestre,,,,,,3,150,,,9536.63506356259,2733
NON,,,,C.A. du Bassin de Bourg-en-Bresse,{404827D4-5310-4025-9FA8-5E01CE70D2AE},,Très facile,,052_Col_de_la_Rousse_Foret_AR,,Simandre/S,,Col de la Rousse (AR Foret Rousse-col),,,,,,0h30,,oui,62,0,,0,1.4,,OUI,"1,4 km",,,jaune,,,62 m,pédestre,,,,,,1,30,,,715.086774986993,2734
NON,,,,C.A. du Bassin de Bourg-en-Bresse,{33322544-034C-47BF-AF01-144F50E6CEE4},,Moyen,,107_Servas_Etangs_de_la_carronniere,,Servas / St Paul de V,,Servas - Etangs de la Carronnière,,,,,,0h05,,oui,53,0,Parking des Sports,0.82,11.7,,OUI,"11,7 km",,,jaune,,,53 m,pédestre,,,,,,0,5,,,11770.9222992029,2735
NON,,,,C.A. du Bassin de Bourg-en-Bresse,{5D41BEE1-F375-4C0F-8DCD-965D0C8E830C},,Moyen,,020_Balade_autour_de_Pirajoux,,Pirajoux,,Balade autour de Pirajoux,,,,,,3h45,,oui,147,0,Place de l'église,0.68,13.5,,OUI,"13,5 km",,,jaune,,,147 m,pédestre,,,,,,4,225,,,13523.1209596413,2736
NON,,,,C.A. du Bassin de Bourg-en-Bresse,{7CF6FAB9-8436-47E4-B10D-2E93FFD595FD},,Difficile,,053_Simandre_Foret_de_la_Rousse,,Simandre/S,,Forêt de la Rousse,,,,,,5h20,,oui,369,0,Place de la fromagerie,0.22,17.6,,OUI,"17,6 km",,,jaune,,,369 m,pédestre,,,,,,5,320,,,17779.887902277,2737
NON,,,,C.A. du Bassin de Bourg-en-Bresse,{4076E8FB-5CE8-4066-A10A-AB8699BE2603},,Moyen,,084_Drom_Mont_Charvet_Col_de_la_Rousse,,Meillonnas / Drom,,Mont Charvet – Col de la Rousse,,,,,,3h20,,oui,278,0,Parking du col de France,0.17,10.3,,OUI,"10,3 km",,,jaune,,,278 m,pédestre,,,,,,3,200,,,10354.7308459126,2738
NON,,,,C.A. du Bassin de Bourg-en-Bresse,{3F468E98-63ED-47C8-A336-FD94FB7E0793},,Facile,,094_Buellas_Graviere_de_Viocet,,Buellas,,Buellas – Gravière de Viocet,,,,,,2h00,,oui,82,0,Parking de l'école,0.19,7.3,,OUI,"7,3 km",,,jaune,,,82 m,pédestre,,,,,,2,120,,,7356.33738756024,2739
NON,,,,C.A. du Bassin de Bourg-en-Bresse,{93460647-DBE5-4820-BF5C-AD7DC64076F0},,Moyen,,106_Marais_de_Vial_et_de_Molliere,,Polliat / Buellas,,Marais de Molière et de Vial,,,,,,3h55,,oui,123,0,Parking de la Gare,0.58,14.3,,OUI,"14,3 km",,,jaune,,,123 m,pédestre,,,,,,4,235,,,11400.3233292133,2740
NON,,,,C.A. du Bassin de Bourg-en-Bresse,{252A713F-C786-446B-A463-2CDD045869DD},,Facile,,108_Domaine_de_Cuiset_Le_Vieux_Jonc,,St André sur VJ,,Domaine de Cuiset - Le Vieux Jonc ,,,,,,2h35,,oui,74,0,Place de la Forge,0.48,9.5,,OUI,"9,5 km",,,jaune,,,74 m,pédestre,,,,,,3,155,,,9570.84509273102,2741
NON,,,,C.A. du Bassin de Bourg-en-Bresse,{8180C286-60FF-47CD-8D85-B26A49CED917},,Très facile,,027_Autour_des_Poypes_de_St_Sulpice,,St Sulpice / St Didier d'Aussiat,,Autour des Poypes de St Sulpice ,,,,,,1h55,,oui,37,0,Près de l'église,0.27,7.2,,OUI,"7,2 km",,,jaune,,,37 m,pédestre,,,,,,2,115,,,7256.26750862596,2742
NON,,,,C.A. du Bassin de Bourg-en-Bresse,{777590D0-3202-466C-AD4A-F7A0A3AA9A1D},,Facile,,033_Coligny_Plateau_de_Vergongeat,,Coligny,,Plateau de Vergongeat,,,,,,2h20,,oui,271,0,Place de la mairie,0.36,6.5,,OUI,"6,5 km",,,jaune,,,271 m,pédestre,,,,,,2,140,,,6541.23747496858,2743
NON,,,,C.A. du Bassin de Bourg-en-Bresse,{FD6582A3-9383-4A32-8FA3-29AA707B5E8C},,Difficile,,091_St_Martin_Belvedere_de_la_Croix_de_la_Dent,,St Martin du Mont /Bohas-Meyriat-Rignat,,Belvédère de la Croix de la Dent ,,,,,,5h40,,oui,454,0,Place de la mairie,0.17,18.1,,OUI,"18,1 km",,,jaune,,,454 m,pédestre,,,,,,6,340,,,18166.9707936433,2744
NON,,,,C.A. du Bassin de Bourg-en-Bresse,{6999DD17-83A9-4A6D-93F9-45D8DC5CFE6B},,Moyen,,065_Verjon_Tour_du_Mont_Verjon,,Verjon,,Tour du Mont Verjon,,,,,,3h50,,oui,327,0,Parking du lavoir,0.38,12.1,,OUI,"12,1 km",,,jaune,,,327 m,pédestre,,,,,,4,230,,,12141.641597693,2745
NON,,,,C.A. du Bassin de Bourg-en-Bresse,{634A125D-E191-40FF-ADAE-78ECB7A5BF9E},,Facile,,057_Val_Revermont_Foret_de_la_Motte_AR,,Val Revermont,,Forêt de la Motte (AR Pressiat Grange du Pin) ,,,,,,2h15,,oui,122,0,Parking de la base de loisirs,0.23,7.7,,OUI,"7,7 km",,,jaune,,,122 m,pédestre,,,,,,2,135,,,3871.43335382807,2746
NON,,,,C.A. du Bassin de Bourg-en-Bresse,{2DCF9127-F127-4F2A-A583-E78C65CFF6FE},,Facile,,056_Val_Revermont_Terre_de_la_Grange_AR,,Val Revermont,,Terre de la Grange (AR Cuisiat Grange du Pin),,,,,,2h48,,oui,172,0,Parking de la base de loisirs,0.35,9.5,,OUI,"9,5 km",,,jaune,,,172 m,pédestre,,,,,,3,168,,,5035.90279904615,2747
NON,,,,C.A. du Bassin de Bourg-en-Bresse,{E8246DEE-EBC1-415E-B77B-8F3438D78539},,Moyen,,026_Bocage_de_Comoz_Etang_de_Mepillat,,St Nizier le Bouchoux / Lescheroux,,Etangs de Mépillat et de Pontremble,,,,,,3h40,,oui,115,0,Plan d'eau de Mépillat,0.25,13.5,,OUI,"13,5 km",,,jaune,,,115 m,pédestre,,,,,,4,220,,,14405.0976303233,2748
NON,,,,C.A. du Bassin de Bourg-en-Bresse,{9B9FA850-AC26-4C0C-B3F5-4F83923CDDB8},,Difficile,,055_Val_Revermont_Tour_des_trois_monts,,Val Revermont / Courmangoux,,Tour des 3 monts ,,,,,,4h18,,oui,492,0,Place du musée du revermont - Cuisiat + Plan d'eau de Chevignat,0.08,12,,OUI,12 km,,,jaune,,,492 m,pédestre,,,,,,4,258,,,12305.5784203,2749
NON,,,,C.A. du Bassin de Bourg-en-Bresse,{EC1D0967-5126-4FFE-AF34-B2BF53D33F41},,Difficile,,058_Val_Revermont_Cretes_de_Treffort,,Val Revermont,,Crêtes de Treffort,,,,,,5h37,,oui,583,0,Place du champ de foire - Treffort,0.08,16.7,,OUI,"16,7 km",,,jaune,,,583 m,pédestre,,,,,,6,337,,,16780.3273461202,2750
NON,,,,C.A. du Bassin de Bourg-en-Bresse,{E15536B7-12C3-4579-A1CB-F5A26BB94499},,Facile,,080_Entre_Journans_et_Senissiat,,Journans,,Entre Journans et Sénissiat,,,,,,2h15,,oui,244,0,Place de la mairie,0.21,6.5,,OUI,"6,5 km",,,jaune,,,244 m,pédestre,,,,,,2,135,,,6641.3310610259,2751
NON,,,,C.A. du Bassin de Bourg-en-Bresse,{D6289050-BE9B-47A8-8AEA-E88D8590894F},,Très facile,,025_Porte_de_la_Chartreuse_de_Montmerle,,St Julien sur Reyssouze / Jayat,,Porte de la Chartreuse de Montmerle,,,,,,1h20,,oui,20,0,Parking du Champ de Foire,0.5,5.2,,OUI,"5,2 km",,,jaune,,,20 m,pédestre,,,,,,1,80,,,5186.4414506743,2752
NON,,,,C.A. du Bassin de Bourg-en-Bresse,{975FE0A7-2FD8-49DE-9653-01B258A34F05},,Facile,,035_Corveissiat_Eglise_de_St_Maurice_d_Ech_Ruines_de_Mont_Didier,,Corveissiat,,Belvédère de l'église de St-Maurice de d'Échazeaux - Ruines de Montdidier,,,,,,2h00,,oui,155,0,Parking de la salle des fêtes + Place de St Maurice d'Echazeaux,0.11,6,,OUI,6 km,,,jaune,,,155 m,pédestre,,,,,,2,120,,,6006.55532989968,2753
NON,,,"11 km, s'entend A/R",C.A. du Bassin de Bourg-en-Bresse,{65D3A65D-7256-4F7F-B40F-22A141A05CAB},,Moyen,,024_St_Etienne_du_Bois_Grange_du_Pin_AR,,St Etienne du Bois / Val Revermont,,St Eienne du Bois Grange du Pin (AR),,,,,,3h50,,oui,144,0,Parking de l'école,0.28,14,,OUI,14 km,,,jaune,,,144 m,pédestre,,,,,,4,230,,,7055.95364714884,2754
NON,,,,C.A. du Bassin de Bourg-en-Bresse,{317F1042-6DCB-4A8C-A116-A063F5207887},,Difficile,,082_Journans_Vignoble_du_Revermont,,Journans / Bohas-Meyriat-Rignat,,Vignoble du Revermont ,,,,,,4h45,,oui,509,0,Place de la mairie + Parking de l'église (Rignant),0.12,13.9,,OUI,"13,9 km",,,jaune,,,509 m,pédestre,,,,,,5,285,,,13921.549307645,2755
NON,,,,C.A. du Bassin de Bourg-en-Bresse,{91DED152-0DA7-4050-A181-880957B66A50},,Difficile,,062_Val_Revermont_Mont_Nivigne_et_grotte_a_l_ours,,Val Revermont / Nivigne et Suran,,Mont Nivigne et Grotte à l'ours,,,,,,7h20,,oui,904,0,Place du musée du revermont - Cuisiat,0.09,20.3,,OUI,"20,3 km",,,jaune,,,904 m,pédestre,,,,,,7,440,,,20326.7477840264,2756
NON,,,,C.A. du Bassin de Bourg-en-Bresse,{0C2540E4-358C-40E3-8C05-F8516F5CE1F6},,Facile,,059_Val_Revermont_Crete_de_la_Cabatane,,Val Revermont,,Crête de la Cabatane,,,,,,2h45,,oui,296,0,Place du champ de foire - Treffort,0.11,8.6,,OUI,"8,6 km",,,jaune,,,296 m,pédestre,,,,,,3,165,,,8612.25125993098,2757
NON,,,,C.A. du Bassin de Bourg-en-Bresse,{B67BCD2F-82A5-4EC8-A91A-943254663B94},,Facile,,061_Val_Revermont_Chateau_et_Chapelle_de_Montfort,,Val Revermont,,Château et chapelle de Montfort,,,,,,1h55,,oui,261,0,Place du musée du revermont - Cuisiat,0.06,5,,OUI,5 km,,,jaune,,,261 m,pédestre,,,,,,2,115,,,5038.60107498259,2758
NON,,,,C.A. du Bassin de Bourg-en-Bresse,{6EC11263-9234-4854-B637-75DF053D8364},,Facile,,060_Val_Revermont_Tour_de_Montcel,,Val Revermont,,Tour de Montcel ,,,,,,2h10,,oui,186,0,Place du champ de foire - Treffort,0,6.7,,OUI,"6,7 km",,,jaune,,,186 m,pédestre,,,,,,2,130,,,6720.30314653413,2759
NON,,,,C.A. du Bassin de Bourg-en-Bresse,{8C5963B8-A0B7-4FDC-AFD3-74E9E926EB07},,Très facile,,063_Val_Revermont_Tour_du_Plan_d_eau_de_la_Grange_du_Pin,,Val Revermont,,Tour du plan d’eau de la Grange du Pin,,,,,,0h25,,oui,18,0,Parking de la base de loisirs,0,1.5,,OUI,"1,5 km",,,jaune,,,18 m,pédestre,,,,,,0,25,,,1547.78040864261,2760
NON,,,,C.A. du Bassin de Bourg-en-Bresse,{76B7AD9A-44D4-49ED-A51E-63480C6A8AEC},,Facile,,064_Salavre_De_Salavre_a_Verjon_Source_du_Solnan,,Verjon / Salavre,,"Source du Solnan, de Verjon à Salavre",,,,,,2h15,,oui,134,0,Parking du lavoir,0.34,7.6,,OUI,"7,6 km",,,jaune,,,134 m,pédestre,,,,,,2,135,,,7634.80375158026,2761
NON,,,,C.A. du Bassin de Bourg-en-Bresse,{C508BCD1-B696-4387-8AC8-CD14CA5A4515},,Difficile,,066_Hautecourt_R_Signal_d_Hautecourt,,Hautecourt-R,,Signal de Hautecourt,,,,,,4h35,,oui,377,0,Parking Base de loisirs Ile Chambod + Parking de la mairie (Hautecourt),0.06,14.4,,OUI,"14,4 km",,,jaune,,,377 m,pédestre,,,,,,5,275,,,14357.1926367329,2762
NON,,,,C.A. du Bassin de Bourg-en-Bresse,{5A86A395-8AF6-4D02-A885-5965AA0D5E18},,Très facile,,078_Jasseron_Les_Maisons_Rouges_Source_du_Jugnon,,Jasseron,,Les Maisons rouges - Source du Jugnon,,,,,,1h00,,oui,69,0,Parking de la salle des fêtes (Place B Chanel),0.21,3.3,,OUI,"3,3 km",,,jaune,,,69 m,pédestre,,,,,,1,60,,,3333.4262764452,2763
NON,,,,C.A. du Bassin de Bourg-en-Bresse,{5707BD0F-E87A-406E-99AD-82F0464C7F52},,Moyen,,012_Domsure_Poype_du_Miroton_Chemin_de_Messe,,Domsure,,Poype du Miroton - Chemin de Messe,,,,,,3h25,,oui,142,0,Place de l'église,0.52,12.3,,OUI,"12,3 km",,,jaune,,,142 m,pédestre,,,,,,3,205,,,12347.3993484562,2764
NON,,,,C.A. du Bassin de Bourg-en-Bresse,{152C1248-C0AB-4DA4-9245-239C98E530A8},,Facile,,086_Ramasse_Roches_de_Cuiron_Chapelle_des_Conches,,Ramasse,,Roches de Cuiron - Chapelle des Conches,,,,,,2h30,,oui,258,0,Place de la mairie + Chapelle des Conches,0.17,7.3,,OUI,"7,3 km",,,jaune,,,258 m,pédestre,,,,,,3,150,,,7383.00458427414,2765
NON,,,,C.A. du Bassin de Bourg-en-Bresse,{D1A62D77-B06E-40F1-BB3A-7B0C8753DEF1},,Facile,,089_Bohas_ Foret_de_Bohas,,Bohas-Meyriat-Rignat,,Forêt de Bohas,,,,,,2h15,,oui,77,0,Parking de l'église,0.12,8,,OUI,8 km,,,jaune,,,77 m,pédestre,,,,,,2,135,,,7994.05569094625,2766
NON,,,,C.A. du Bassin de Bourg-en-Bresse,{4EF51566-9BE9-4B06-9D6E-598886F45954},,Moyen,,028_St_Trivier_de_Courtes_et_les_Cheminees_Sarrasines,,St Trivier de C,,St Trivier de Courtes et les cheminées sarrasines,,,,,,3h25,,oui,101,0,Parking de la carronnière,0.55,12.6,,OUI,"12,6 km",,,jaune,,,101 m,pédestre,,,,,,3,205,,,12668.5928575815,2767
NON,,,,C.A. du Bassin de Bourg-en-Bresse,{848A56FC-C7FE-4DE6-9610-03CA472A5301},,Difficile,,023_Sur_les_chemins_de_St_Didier_d_Aussiat,,St Didier d'Aussiat,,Sur les chemins de St Didier d'Aussiat,,,,,,5h25,,oui,121,0,Parking de la salle polyvalente,0.41,20.5,,OUI,"20,5 km",,,jaune,,,121 m,pédestre,,,,,,5,325,,,20514.0130852849,2768
NON,,,,C.A. du Bassin de Bourg-en-Bresse,{A2028E4E-1004-43C4-B9DA-36E70C56CE47},,Facile,,019_Domaine_de_la_Charne_Ferme_du_Poirier,,Montrevel en Bresse / Malafretaz,,Domaine de la Charme – Sanctuaire de Cuet,,,,,,2h15,,oui,43,0,Rond point rte de Macon,0.68,8.5,,OUI,"8,5 km",,,jaune,,,43 m,pédestre,,,,,,2,135,,,8506.67221129391,2769
NON,,,,C.A. du Bassin de Bourg-en-Bresse,{01AAE4D5-7A05-4C48-A403-407C17838A74},,Facile,,044_Courmangoux_Tour_du_Mont_Chevallet_Grand_Brule,,Courmangoux,,Tour du Mont Chevallet – site du Grand Brûle,,,,,,2h30,,oui,228,0,Plan d'eau de Chevignat,0.33,7.8,,OUI,"7,8 km",,,jaune,,,228 m,pédestre,,,,,,3,150,,,7818.50473870431,2770
NON,,,,C.A. du Bassin de Bourg-en-Bresse,{C2E6B472-081F-4362-BEA3-3C4D08F5D995},,Moyen,,016_Lescheroux_Etang_de_Pontremble,,Lescheroux,,Lescheroux - Etang de Pontremble,,,,,,3h30,,oui,61,0,Parking de l'église,0.62,13.5,,OUI,"13,5 km",,,jaune,,,61 m,pédestre,,,,,,4,210,,,13575.6039127312,2771
NON,,,,C.A. du Bassin de Bourg-en-Bresse,{E54F2DDA-DD2C-476E-A51F-54B10D4F8016},,Très facile,,006_Arboretum_d_Etrez_Source_du_Bourbouillon,,Bresse Vallon / Foissiat,,Arboretum d’Etrez - Source de Bourbouillon,,,,,,1h20,,oui,32,0,Place de l'église,0.13,4.9,,OUI,"4,9 km",,,jaune,,,32 m,pédestre,,,,,,1,80,,,4919.65245616828,2772
NON,,,,C.A. du Bassin de Bourg-en-Bresse,{10C46517-FA81-4979-B84D-583769B6D5DC},,Difficile,,004_Vallee_du_Sevron_entre_Marboz_et_Beny,,Bény / Marboz,,"Vallée du Sevron, entre Bény et Marboz",,,,,,4h10,,oui,175,0,Place de l'église,0.59,14.7,,OUI,"14,7 km",,,jaune,,,175 m,pédestre,,,,,,4,250,,,14767.4090188022,2773
NON,0,0,,C.A. du Bassin de Bourg-en-Bresse,{FC52611D-F6DE-4AB2-A350-4F9C13207887},0,Facile,0,001_Attignat_Confluence_Reyssouze_Jugnon,,Attignat,0,Attignat - Confluence Reyssouze-Jugnon,0,0,0,0,0,3h00,0,oui,60,0,Place de l'église,0.51,11.4,0,OUI,"11,4 km",0,0,jaune,0,0,60 m,pédestre,0,0,,0,0,3,180,0,0,11443.1767625065,2774
NON,60,2,"étangs, orêt de Chassagne. Point sécurité : Traversée et passage le long de la D904",C.C. de la Dombes,{31CAB133-2CB7-41BF-B611-4785568112A7},0,Difficile,12,01_La_foret_de_Chassagne,Pas d'édition,Chalamont,7,La forêt de Chassagne,11,0,3,17,2,4h10,3,oui,153,0,Parking place du 19 mars ,0.47,15.1,0,OUI,"15,1 km",7,2,jaune,0,7,153 m,pédestre,2,3,,10,10,4,250,20,2,15072.3111895772,2775
NON,56,2,Site emblématique : abbaye Notre Dame des Dombes. Nombreux étangs. ,C.C. de la Dombes,{01D19CD1-3C37-4167-B2AA-D8E9945C3756},0,Moyen,12,05_Circuit_de_l_abbaye_Notre_Dames_des_Dombes,Pas d'édition,Marlieux,7,Circuit des moines,11,2,3,20,2,3h25,3,oui,38,0,Parking de l'abbaye Notre-Dame-des-Dombes,0.65,13.2,0,OUI,"13,2 km",7,0,jaune,2,7,38 m,pédestre,2,6,,8,5,3,205,13,0,13250.298256791,2776
NON,59,2,Nombreux étangs,C.C. de la Dombes,{7D6E3187-9B59-46D8-8294-DB99EF9472AE},0,Très facile,10,08_Le_Vieux_Jonc,Pas d'édition,St-Paul-de-Varax,7,Le Vieux Jonc,9,0,3,20,2,1h30,3,oui,48,0,Parking du cimetière,0.7,5.5,0,OUI,"5,5 km",7,0,jaune,0,7,48 m,pédestre,2,6,,10,10,2,90,20,0,5542.141326599,2777
NON,65,2,ENS :  étang de la Dombes Le Grand Birieux,C.C. de la Dombes,{B976EF83-385F-414A-9AF7-91D1146B55B2},0,Facile,14,07_L_ENS_du_Grand_Birieux,Pas d'édition,St-Marcel-en-Dombes,7,L'ENS du Grand Birieux,11,2,3,20,2,3h00,3,oui,45,0,Parking de l'église,0.74,11.4,2,OUI,"11,4 km",7,2,jaune,0,7,45 m,pédestre,2,6,,10,10,3,180,20,0,11364.9896381147,2778
NON,63,2,Bois et étangs,C.C. de la Dombes,{39444504-8D84-466B-B332-EFE3F5220F87},2,Très facile,10,06_Du_bois_des_Pommes_a_l_etang_Dimanche,Pas d'édition,Mionnay,7,Du bois des Pommes à l'étang Dimanche ,13,0,3,20,2,1h55,3,oui,47,0,Parking gare SNCF,0.27,7,0,OUI,7 km,6,0,jaune,0,7,47 m,pédestre,2,6,,10,10,2,115,20,3,7017.75633530063,2779
NON,60,2,Site emblématique : lacs du Bugey Sud. Passerelle d'Armaille à remettre en état. Projet de mobilier d'interprétation.,C.C. Bugey Sud,{5EB89603-3457-4E1C-8E4F-6246C2C248C5},3,Moyen,17,Lac_d_Armaille_2022,,Arboys-en-Bugey,7,Le lac d'Armaille,18,0,6,20,2,3h00,6,Lac_d_Armaille_2022.gpx,230,19,Carrefour situé à 300 mètres au sud de Thoys,0.15,9.4,0,OUI,"9,4 km",8,2,Jaune,2,7,230 m,pédestre,1,6,Pas d'édition,5,0,3,180,5,3,9421.85806862909,2780
NON,55,2,Site emblématique : Vignoble bugiste,C.C. Bugey Sud,{7EF9CA64-AB2C-4936-9FFF-EB3E82BAE763},2,Facile,20,Circuit_des_caves_bugistes_2022,PR01-1008,Vongnes,7,Circuit des caves bugistes ,15,2,6,20,2,2h00,6,Circuit_des_caves_bugistes_2022.gpx,260,8,Caveau bugiste,0.3,8,0,OUI,8 km,6,2,Jaune,2,7,260 m,pédestre,2,6,L'Ain à pied (2015) / RP Bugey (2013),0,0,2,120,0,3,7988.6280558842,2781
OUI (neige),65,2,,C.C. Bugey Sud,{F83168C6-3464-4E9E-BFE6-76286C962F1F},3,Facile,18,Boucle_du_Chatelard_2022,,Ruffieu,7,Boucle du Chatelard,14,2,6,20,2,2h30,6,Boucle_du_Chatelard_2022.gpx,270,1,Centre du village de Ruffieu,0.39,7,0,OUI,7 km,7,0,Bleu,0,7,270 m,pédestre,2,6,Pas d'édition,8,5,3,150,13,2,7017.730539819,2782
NON,57,2,,C.C. Bugey Sud,{90507FF1-4F80-4559-83CF-72EFB2D8BAE6},0,Difficile,20,Circuit_de_Sorbier_20_01_2023,PR01-1001,Parves,7,Circuit de Sorbier,12,2,6,20,2,4h00,6,Circuit_de_Sorbier_20_01_2023.gpx,400,7,RD107 (près du belvédère),0.42,11,0,OUI,11 km,8,2,Jaune,0,7,400 m,pédestre,2,6,RP Bugey (2013),5,0,4,240,5,2,11322.3045301875,2783
NON,55,2,Site emblématique : cascade de Clairefontaine.,C.C. Bugey Sud,{BFECF8BD-D5B3-47F6-8208-71E3DDB0D176},0,Facile,18,la_cascade_de_Claire_Fontaine_20_01_2023,PR01-1085,Virieu-le-grand,7,La cascade de Clairefontaine,12,0,6,20,2,2h00,6,la_cascade_de_Claire_Fontaine_20_01_2023.gpx,300,11,Place de l'Astrée,0.58,5.5,0,OUI,"5,5 km",8,2,Jaune,2,7,300 m,pédestre,2,6,Pas d'édition,5,0,2,120,5,0,5413.7212432238,2784
NON,59,2,"Site emblématique : Vignoble bugiste, lacs du Bugey Sud",C.C. Bugey Sud,{E54D3D79-5CDB-4193-9181-ACF265B614FB},2,Moyen,18,La_chapelle_Ste_Anne_20_01_2023,PR01-1003,St-Germain-les-Paroisses (hameau de Meyrieu),7,La chapelle Ste Anne ,16,0,6,20,2,3h00,6,La_chapelle_Ste_Anne_20_01_2023.gpx,175,0,Parking de Meyrieu (nouveau parking),0.34,10,0,OUI,10 km,8,2,Jaune,2,7,175 m,pédestre,2,6,RP Bugey (2013),5,0,3,180,5,2,9992.31732985684,2785
NON,60,2,Site emblématique : lacs du Bugey Sud,C.C. Bugey Sud,{23789EDF-9D1F-4EBA-97AA-C27E8FA5760A},2,Facile,18,Lac_de_Barterand_20_01_2023,PR01--1007,Pollieu,7,Le lac de Barterand,14,0,6,20,2,2h00,6,Lac_de_Barterand_20_01_2023.gpx,230,20,Lézieu,0.37,7.5,0,OUI,"7,5 km",6,2,Jaune,2,7,230 m,pédestre,2,6,RP Bugey (2013),8,0,2,120,8,2,7227.20271753043,2786
NON (les secteurs inondables présentent des variantes),53,2,Erosion sur partie descendante du sentier nécessite aménagement de marche.  Site emblématique : cascade de Glandieu.,C.C. Bugey Sud,{130A10C1-893F-455D-8132-0C076B6EA527},2,Moyen,20,le_sentier_de_l_eau_20_01_2023,PR01-1073,Brégnier-Cordon,7,Sentier de l’eau  (sentier d'interprétation),16,2,6,17,2,3h00,6,le_sentier_de_l_eau_20_01_2023.gpx,230,22,Brégnier-Cordon,0.4,7,0,OUI,7 km,8,2,Jaune,2,7,230 m,pédestre,2,3,Brochure locale,0,0,3,180,0,2,7426.15369137763,2787
NON,51,2,Site emblématique : Le Rhône. Le haut du sentier avant la jonction avec le sentier venant du Château de la Batte est très glissant par temps de pluie.,C.C. Bugey Sud,{C71CCAD8-2467-4DCD-A5A5-44E657909331},3,Facile,16,Tour_du_Mont_Cordon_20_01_2023,PR01-1071,Brégnier-Cordon,7,Le tour du Mont Cordon ,18,0,6,17,2,3h00,6,Tour_du_Mont_Cordon_20_01_2023.gpx,200,49,"Zone artisanale de La Bruyère (au sud du pont sur le canal; près de la ""Véloroute"")",0.16,6.5,0,OUI,"6,5 km",8,0,Jaune,2,7,200 m,pédestre,2,3,L'Ain à pied (2015) / RP Bugey (2013),0,0,3,180,0,3,6730.30392851744,2788
NON,50,2,"Site emblématique : Vignoble bugiste, lacs du Bugey Sud",C.C. Bugey Sud,{EC5DBB1C-953F-4DCC-96EA-438B63090287},0,Moyen,18,Randonnee_de_la_Pierre_Grise_20_01_2023,PR01-1009,Cuzieu,0,Randonnée de la Pierre Grise,14,0,6,10,2,3h30,6,Randonnee_de_la_Pierre_Grise_20_01_2023.gpx,290,39,Parking près de la halle couverte du hameau de Fresne (mairie),0.5,14.2,0,OUI,"14,2 km",8,2,Jaune,2,7,290 m,pédestre,2,3,L'Ain à pied (2015) / RP Bugey (2013),8,0,4,210,8,2,14194.1653103755,2789
NON,62,2,"Site emblématique : halles de Chatillon-sur-Chalaronne. Centre village de Chatillon-sur-Chalaronne, bords de la rivière Chalaronne, Arboretum. ",C.C. de la Dombes,{1A853CC9-7355-400F-BD28-0EBCADA5412D},0,Moyen,12,03_Chatillon_de_la citee_medievale_a_l_arboretum_2023,Pas d'édition,Chatillon-sur-Chalaronne,7,Circuit de Chatillon-sur-Chalaronne,10,0,3,20,2,3h10,3,Chatillon_de_la citee_medievale_a_l_arboretum_2023.gpx,80,0,Parking de l'office de tourisme place de la République,0.63,11.7,0,OUI,"11,7 km",6,2,jaune,2,7,80 m,pédestre,2,6,,10,10,3,190,20,0,11978.4672549615,2790
,58,2,"Ville de Pont-de-Vaux, port de plaisance, Maison du Tourisme, de l'eau et de la nature, prairie",C.C. Bresse et Saône,{D2CFCF25-C65A-4A7D-A8CF-151FA5DA8B43},0,Très facile,12,19_La_Nove-2023,Cartoguide local,Pont-de-Vaux,7,La Nove,6,0,3,20,2,1h20,3,oui,12,,Office de Tourisme,0.78,5.5,0,OUI,"5,7 km",4,2,vert,0,7,12 m,pédestre,2,6,,0,10,1,80,20,0,5709.43910256983,2791
,56,2,"Ville de Pont-de-vaux, canal, bords de Saône",C.C. Bresse et Saône,{BBB0B29E-9ED8-4EF1-A360-73679B79D601},0,Facile,12,20_Au_fil_de_l_eau_2023,Cartoguide local,Pont-de-Vaux,7,Au fil de l'eau,7,0,0,17,2,2h30,3,oui,21,,Office de Tourisme ,0.74,10,0,OUI,10 km,5,2,jaune,0,7,21 m,pédestre,2,3,,0,10,3,150,0,0,10009.7320227329,2792
0,47,2,Bois,C.C. Bresse et Saône,{D25F9989-A174-450B-9ED7-743062D867FB},3,Facile,4,La_boucle_des_Corneillons_2023,,Ozan,7,La boucle des Corneillons,13,0,6,20,2,1h40,6,oui,38,,Parking de la mairie,0.42,6.1,0,OUI,"6,1 km",6,2,jaune,0,7,38 m,pédestre,2,6,,5,5,1,100,10,2,6107.2227617334,2793
NON,58,2,"Canal des Echudes, pont et passerelle sur la Chalaronne, moulins, point de vue.",C.C. Val-de-Saône-Centre,{58F508C7-9133-4A2A-BC2E-96087498FABC},0,Facile,18,Les_Moulins_de_St_Didier_sur_Chalaronne_2023,"Topoguide local ""Randonnées en Val de Saône Chalaronne""",St-Didier-sur-Chalaronne,7,Les Moulins de St-Didier-sur-Chalaronne,7,0,6,20,2,3h00,6,oui,87,0,Place des Huguets,0.53,12,0,OUI,12 km,5,2,jaune,0,7,87 m,pédestre,2,6,,8,5,3,180,13,0,11995.8708863213,2794
NON,60,2,Nombreux étangs,C.C. de la Dombes,{743EC098-1A13-4246-93A5-E015B9125179},0,Facile,12,09_L_etang_des_Lecheres_2023,Pas d'édition,St-Paul-de-Varax,7,L'étang des Léchères,8,0,3,20,2,2h00,3,oui,40,0,Parking à proximité  du domaine de la Dombes,0.9,8,0,OUI,8 km,6,2,jaune,0,7,40 m,pédestre,2,6,,10,10,2,120,20,0,7938.81433022369,2795
ouvert toute l'année,73,2,Site ENS : étang de Vernange / Site emblématique : Observatoire sur l'étang Grange Volet,C.C. de la Dombes,{21DF01EA-0CA2-4847-A13B-228374258DA0},2,Facile,15,Circuit_de_Vernanges_2023,RP Dombes(5) / cartoguide CCCDombes,Monthieux,7,Circuit de Vernanges,18,2,0,20,2,2h30,4,oui,0,0,Place de l'église,0.35,7.9,2,OUI,"7,9 km",0,2,jaune,2,0,0 m,pédestre,2,6,,10,10,2,150,20,0,7880.86955862425,2796
NON,57,2,Plusieurs étangs,C.C. de la Dombes,{51AEDEF9-094A-4C0B-969C-E95F16F7C27A},0,Moyen,0,L_etang_Moulin_2023,Pas d'édition,Condeissiat,7,L'étang Moulin,7,0,3,20,2,3h45,3,oui,55,0,Parking de la salle polyvalente,0.54,14.3,0,OUI,"14,5 km",5,0,jaune,0,7,55 m,pédestre,2,6,,10,0,4,225,20,0,14558.4211210816,2797
ouvert toute l'année,61,2,Positif : étangs / Négatif : longs passages en bordures des D70b et D90,C.C. de la Dombes,{88BC9452-2F87-4652-9B7E-04AC055612D1},0,Moyen,0,Les_onze_etangs_2023,Fiche rando OT de la Dombes / L'Ain à pied (42) / RP Dombes(12) /Topoguide CCC Chalamont(1),St-Nizier-le-Désert,7,Les onze étangs ,10,0,6,17,2,2h45,6,oui,14,1,Centre du village (parking de l'église),0.59,11.9,0,OUI,"11,9 km",8,2,Jaune,0,7,14 m,pédestre,2,3,,8,8,3,165,16,0,11866.7499599872,2798
NON,54,2,"étangs (Chaillouvres, Prêle, Beybleu), Bois d'Y, ENS : étang Prêle",C.C. de la Dombes,{AA1B6D45-E6E8-4C7E-828C-5EA71FCF85A5},0,Moyen,10,L_etang_Prele_2023,Pas d'édition,Chaneins,7,L'étang Prêle,11,0,3,20,2,4h00,3,oui,80,0,Parking de la mairie au centre du village,0.52,14.1,0,OUI,"14,1 km",7,0,jaune,0,7,80 m,pédestre,2,6,,8,5,4,240,13,0,14125.1155132593,2799
NON,57,2,Nombreux étangs,C.C. de la Dombes,{63DF01DB-11D8-478A-BE77-6B8669CAE0C0},0,Moyen,10,12_La_Grange_Chazey_2023,Pas d'édition,Versailleux,7,La Grange Chazey,11,0,3,20,2,3h00,3,oui,10,0,Parking du centre du village ,0.75,11.3,2,OUI,"11,3 km",7,0,jaune,0,7,10 m,pédestre,2,6,,8,8,3,180,16,0,11344.0689874537,2800
ouvert toute l'année,64,2,"Paysages variés, La Moutonnière, le château de Richemont, moulin de Fau./ autre point snsible sécurité : 300 m sur la D93.",C.C. de la Dombes,{0A9D7BAA-04A1-49ED-8270-BB587E4021FB},0,Moyen,18,De_l_Ain_au_plateau_2023,Fiche rando OT de la Dombes,Villette-sur-Ain,7,De l'Ain au plateau,9,0,0,17,2,3h45,6,oui,200,2,Parking de l'église,0.55,13,0,OUI,13 km,7,2,,0,7,200 m,pédestre,2,3,,0,10,4,225,20,0,12973.7143212994,2801
OUI (neige),65,2,Site emblématique : Chanduraz.,C.C. Bugey Sud,{3A133E40-EFF1-43F4-AC3E-1779EC10F70E},3,Difficile,20,Chanduraz_depuis_Chavonay_2023,PR01-1020,Chavornay,7,Chanduraz depuis Chavornay,20,2,6,20,2,5h45,6,Chanduraz_depuis_Chavornay_2023.gpx,1015,0,Parking de la mairie,0.06,12.8,2,OUI,"12,8 km",8,2,Jaune et jaune/rouge,2,7,1015 m,pédestre,2,6,RP Bugey (2013),0,5,6,345,5,3,12815.3990864441,2802
"OUI ( arrêtés buis, risque incendie)",59,2,"Site emblématique : cascade de Cerveyrieu, vignoble bugiste. Fermeture régulière (buis, risque incendie) avec communication insuffisante. Site emblématique : cascade de Cerveyrieu.",C.C. Bugey Sud,{5C943CE1-4812-4A62-8C11-465C5214940F},2,Facile,20,Le_golet_du_loup_2023,PR01-1012,Artemare,7,Le golet du loup (sentier d'interprétation au départ),18,2,6,0,2,2h00,6,Le_golet_du_loup_2023.gpx,140,0,Terrain de camping,0.35,8,2,OUI,8 km,8,2,Jaune et jaune/rouge,2,3,140 m,pédestre,2,6,RP Bugey (2013),5,0,2,120,5,2,7978.59433723095,2803
OUI (neige),56,0,Site emblématique : Grand Colombier. Signalétique et état du chemin d'accés à améliorer.,C.C. Bugey Sud,{03F06794-B21C-4BA7-8A90-96E4CBBF131A},3,Difficile,16,Le_Grand_Colombier_depuis_Munet_2023,PR01-1015,Virieu-le-Petit,7,Le Grand Colombier depuis Munet,20,0,6,20,2,7h00,6,Le_Grand_Colombier_depuis_Munet_2023.gpx,1100,0,Munet,0.11,16,2,OUI,15 km,0,0,Jaune et blanc/rouge,2,7,1100 m,pédestre,2,6,RP Bugey (2013),0,0,7,420,0,0,15203.0408893266,2804
OUI (passage sur site ENS Fierloz entraîne fermeture temporaire),51,2,"Site emblématique : Gorges de Thurignin, l'Arvière rivière sauvage. . Modification d'itinéraire à prévoir quand le GRP Balcon du Valromey sera modifié.",C.C. Bugey Sud,{180B1B8E-87BC-4950-9FCF-72C8622555B3},0,Difficile,20,Le_pied_du_Grand_Colombier_2023,,Artemare,3,Le pied du Grand Colombier (sentier d'interprétation au départ),14,0,6,12,2,5h15,6,Le_pied_du_Grand_Colombier_2023.gpx,450,0,Terrain de camping,0.44,19,2,OUI,19 km,6,2,Jaune et jaune/rouge,2,3,450 m,pédestre,2,6,RP Bugey (2013),5,0,6,315,5,2,19672.0637371175,2805
OUI (neige),49,2,Site emblématique : lacs du Bugey Sud.,C.C. Bugey Sud,{24287BED-ED0F-4A76-84F2-C5BC23B0C0BC},0,Moyen,0,Le_pont_des_Tines_et_les_grottes_du_Pic_2023,PR01-1029,Haut-Valromey,7,Le pont des Tines et les Grottes du Pic,12,0,3,20,2,3h00,3,Le_pont_des_Tines_et_les_grottes_du_Pic_2023.gpx,100,0,Eglise de Songieu,0.41,10,0,OUI,10 km,0,0,Jaune,2,7,100 m,pédestre,2,6,RP Bugey (2013),5,2,3,180,7,2,10048.2209362141,2806
OUI (neige),60,0,Site emblématique : Grand Colombier,C.C. Bugey Sud,{8DC1B680-682F-41BB-90AD-9BFFDF9C5542},3,Moyen,20,Les_crêtes_du_Colombier_2023,,Anglefort,0,Les crêtes du Grand Colombier,20,2,6,20,2,3h00,0,Les_cretes_du_Grand_Colombier_2023.gpx,408,0,Parking Grand Colombier,0.21,7.6,0,OUI,"7,6 km",8,2,Jaune et blanc/rouge,2,7,408 m,pédestre,2,6,RP Bugey (2013),0,0,3,180,0,3,7626.54535307388,2807
OUI (crue du Séran et fermeture dans le cadre ENS de Fierloz),57,0,"Site emblématique : Gorges de Thurignin, vignoble bugiste. Besoin d'un aménagement au bord du Séran (quand la rivière est haute). 
",C.C. Bugey Sud,{9BD71630-A6E9-4316-8051-8542D9ABD479},0,Difficile,20,Les_gorges_de_Turignin_2023,PR01-1012,Artemare,7,Les gorges de Turignin (sentier d'interprétation au départ),16,2,0,16,2,4h15,6,Les_gorges_de_Turignin_2023.gpx,240,0,Terrain de camping,0.37,15,0,OUI,15 km,8,2,Jaune et jaune/rouge,2,3,240 m,pédestre,2,6,RP Bugey (2013),5,0,4,255,5,2,14892.4924289502,2808
NON,52,2,"ENS du lac de Nantua, panorama des Monts d'Ain, plateau de chamoise",C.A. Haut-Bugey,{42FC4A43-E1E3-4672-A6A0-A6103C69EAF7},3,Difficile,18,Grand_tour_du_plateau_de_Chamoise_2023,,St-Martin-du-Fresne,7,Grand tour du plateau de Chamoise,20,0,6,14,2,4h15,6,Grand_tour_du_plateau_de_Chamoise_2023.gpx,526,0,Parking du plateau de Chamoise,0.8,11.6,2,OUI,"11,6 km",8,2,Jaune,2,7,526 m,pédestre,2,0,,0,0,4,255,0,3,11615.8441082999,2809
NON,57,2,"Plateau de Chamoise, panorama de Carrouge",C.A. Haut-Bugey,{92CDA120-F084-4649-85DD-3532C037B29F},3,Facile,18,Point_de_vue_de_Carrouge_2023,,St-Martin-du-Fresne,7,Point de vue de Carrouge,14,0,6,20,2,2h00,6,Point_de_vue_de_Carrouge_2023.gpx,145,0,Parking du plateau de Chamoise,0.21,6.4,0,OUI,"6,4 km",6,2,Jaune,0,7,145 m,pédestre,2,6,,0,5,2,120,5,3,6400.49458165732,2810
NON,49,2,"Panoramas des Monts d'Ain et des doigts du diable, plateau de chamoise, fontaine de Sous Balme",C.A. Haut-Bugey,{3AC0A0D0-AC9A-4CED-9A5D-3A2DC3FD3301},2,Difficile,18,Les_Mont_d_Ain_depuis_St_Martin_du_Fresne_2023,,St-Martin-du-Fresne,7,Les monts d’Ain depuis St-Martin-du-Fresne,17,0,6,0,2,5h00,6,Les_Mont_d_Ain_depuis_St_Martin_du_Fresne_2023.gpx,670,0,Parking mairie,0.15,13.4,0,OUI,"13,3 km",8,2,Jaune,2,7,670 m,pédestre,2,0,,0,0,5,300,0,3,13362.5730638933,2811
NON,57,2,"ENS du lac de Nantua, panoramas des Monts d'Ain et des doigts du diable, plateau de chamoise",C.A. Haut-Bugey,{FF150E2A-F5B5-406F-A243-A52EC784D90E},3,Difficile,18,Les_Monts_d_Ain_et_les_doigts_du_diable_depuis_Nantua_2023,,Nantua,7,Les monts d’Ain et les doigts du diable depuis Nantua,20,0,6,0,2,4h30,6,Les_Monts_d_Ain_et_les_doigts_du_diable_depuis_Nantua_2023.gpx,632,0,Nantua (parking Malraux),0.3,11.6,2,OUI,"11,6 km",8,2,Jaune,2,7,632 m,pédestre,2,0,,5,0,4,270,5,3,11626.265326539,2812
NON,54,2,"ENS du lac de Nantua, panorama des Monts d'Ain, Fontaine de Sous Balme, plateau de chamoise",C.A. Haut-Bugey,{5B038B85-62D6-4157-A647-3DBBB6FCA383},2,Difficile,0,Les_Monts_d_Ain_par_la_combe_de_Vau_2023,,St-Martin-du-Fresne,7,Les monts d’Ain par la combe de Vau,19,0,6,0,2,5h30,6,Les_Monts_d_Ain_par_la_combe_de_Vau_2023.gpx,662,0,Parking mairie,0.14,15.4,2,OUI,"15,4 km",8,2,Jaune,2,7,662 m,pédestre,2,3,,0,0,5,330,0,3,15406.0995425688,2813
OUI (piste boueuse en cas de pluie),40,2,"Arbres sculptés, point de vue au château. Sur secteur nord-ouest : large piste boueuse en cas de pluie entraînant impraticabilité temporaire / 4 kms de route forestière / point de vue",C.A. Haut-Bugey,{B14EC4F4-5149-483A-8D9D-F173C8379B3E},2,Facile,7,Le_vallon_d_Apremont_2023,,Apremont,7,Le vallon d'Apremont 2023,13,0,0,20,2,2h45,0,Le_vallon_d_Apremont_09_2023.gpx,240,0,Place de la mairie,0.25,9,0,OUI,9 km,6,0,Jaune,0,0,240 m,pédestre,2,6,,31,0,3,165,0,3,9288.10155918368,2814
OUI (neige),53,2,"Site emblématique : point de vue de Chanduraz, ENS du Grand Colombier",C.C. Bugey Sud,{C31D881B-FF37-4AE1-A836-E934EE1157F2},3,Facile,16,Boucle_des_alpages_du_grand_colombier_2023,,Culoz,7,Boucle des alpages du Grand Colombier,20,0,6,0,2,1h50,6,Boucle_des_alpages_du_grand_colombier_2023.gpx,226,0,Virage D 120 (sud auberge du Grand Colombier),0.12,5.2,2,OUI,"5,2 km",8,0,Jaune,2,7,226 m,pédestre,2,3,,,0,2,110,0,3,5198.81985369449,2815
OUI (neige),56,2,"Site emblématique : lac de Bugey Sud ENS (lac de Barterand), vignobles, point de vue de Vongnes",C.C. Bugey Sud,{7343B31F-017C-4F43-B0F2-C6727213DA63},0,Moyen,18,Lac_et_vignobles_2023,,Pollieu,7,Lac et vignobles,13,2,6,20,2,3h00,6,Lac_et_vignobles_2023.gpx,275,0,Nord lac de Barterand,0.43,10,0,OUI,"9,7 km",7,0,Jaune,2,7,275 m,pédestre,2,6,,5,0,3,180,0,2,9734.37963475138,2816
,57,2,"maison seigneuriale, moulin, 2 cheminée sarrasines",C.C. Bresse et Saône,{DCACDDE2-6F8A-47F4-BEE0-91B6CF9C43AA},0,Facile,12,Bage_Dommartin_Circuit_de_la_Perouse_2023,Cartoguide local,Bâgé-Dommartin,7,Circuit de la Pérouse,9,0,3,20,2,1h30,3,oui,50,0,Parking devant la mairie,0.6,6.7,0,OUI,"6,7 km",7,2,,0,7,50 m,pédestre,2,6,,0,8,2,90,16,0,6660.19772510836,2817
,55,2,"Site emblématique : Tourbière des Oignons, village de Boz (caractéristique de Val de Saône), Grosse Grange, Saône et prairie, Port Celet, culture maraîchère.",C.C. Bresse et Saône,{869EA1E9-F874-4354-80CF-467B748BF5D6},2,Facile,12,Boz_Circuit_des_Oignons_2023,Cartoguide local,Boz,7,Circuit des Oignons,18,0,0,20,0,3h00,3,oui,88,0,Mairie,0.33,11.3,2,OUI,"11,3 km",8,2,,2,7,88 m,pédestre,2,6,,0,0,3,180,5,2,11327.2873735785,2818
NON,46,2,"La Reyssouze, port de Pont-de-Vaux, plan d'eau",C.C. Bresse et Saône,{C045A2AC-E372-4DC8-965D-A379DAEB5B99},0,Très facile,0,Reyssouze_Sentier_de_la_decouverte_2023,Cartoguide local,Reyssouze,7,Sentier de la découverte,8,0,6,20,2,1h15,6,oui,22,0,Parking de la mairie,0.63,4.8,0,OUI,"4,8 km",6,2,jaune,0,7,20 m,pédestre,2,6,,0,0,1,75,0,0,4813.56622529637,2819
NON,56,2,,C.C. Bresse et Saône,{C922CD58-9FAA-4DEB-B8C3-8743BE6A79F3},2,Facile,18,Reyssouze_Sentier_de_l_evasion_2023,Cartoguide local,Reyssouze,7,Sentier de l'évasion,8,0,6,20,2,2h,6,oui,50,0,Parking de la mairie,0.53,8.6,0,OUI,"8,6 km",4,2,jaune,0,7,50 m,pédestre,2,6,,5,5,2,120,10,0,8654.53219757557,2820
NON,60,2,"La Reyssouze, château",C.C. Bresse et Saône,{2B56F584-D284-4B3B-9585-522DEF64ED66},0,Facile,0,Chavannes_sur_Reyssouze_La_Chavannoise_2023,Cartoguide local,Chavannes-sur-Reyssouze,7,La Chavannoise,8,0,6,0,2,2h40,6,oui,50,0,Place de la mairie,0.79,10.3,0,OUI,"10,3 km",4,2,jaune,0,7,50 m,pédestre,2,6,,8,8,2,110,16,0,10276.1721974532,2821
NON,60,2,,C.C. Bresse et Saône,{A6A20C88-DA29-4ACC-A9EC-553E6519487D},0,Très facile,18,Bage_Dommartin_Circuit_du_lavoir_de_Montépin_2023,Cartoguide local,Bâgé-Dommartin,7,Circuit du lavoir de Montépin,6,0,6,20,2,1h50,6,,55,0,Parking de la mairie de Bâgé-la-Ville,0.78,7,0,OUI,7 km,4,2,jaune,0,7,55 m,pédestre,2,6,,8,8,2,110,16,0,6969.51489991405,2822
NON,65,2,"Bois, étang, arboretum",C.C. Bresse et Saône,{E2185168-BA5E-4C78-8E62-385CC34AFBE9},0,Difficile,18,Bage_Dommartin_Circuit_de_l_Arboretum_2023,Cartoguide local,Bâgé-Dommartin,7,Circuit de l'Alboretum,7,0,6,20,2,4h30,6,OUI,100,0,Parking de la mairie de Bâgé-la-Ville,0.7,17.5,0,OUI,"17,5 km",5,2,jaune,0,7,100 m,pédestre,2,6,,10,10,4,240,20,0,14814.7367187638,2823
,55,2,"allée des Seigneurs, ferme du château, église romane, bois, ferme bressane et cheminée sarrasine (Marignat)",C.C. Bresse et Saône,{D9F7BCCA-AFD5-4555-AF75-DEB13D7455B8},2,Moyen,12,Gorrevod_Au_Bois_Rond_2023,Cartoguide local,Gorrevod,7,Au Bois Rond,13,0,3,20,2,4h00,3,oui,90,0,"Parking ""les Quatre-Vents""",0.36,14,0,OUI,14 km,7,2,jeune,0,7,90 m,pédestre,2,6,,0,5,4,240,10,2,13978.5793501212,2824
,66,2,"Moulins, bâti bressan, bocage cheminée sarrasine, volaille de Bresse",C.C. Bresse et Saône,{D34F6340-6307-4ED9-8FBA-D55F62A685FB},2,Moyen,12,Saint_Etienne_sur_Reyssouze_De_moulin_en_moulin_2023,Cartoguide local,St-Etienne-sur-Reyssouze,7,De moulin en moulin,14,0,0,20,2,3h45,3,oui,148,0,place du village,0.28,13.8,0,OUI,"13,8 km",7,2,jaune,0,7,148 m,pédestre,2,6,,0,10,4,225,20,3,13853.5312937833,2825
NON,,,,C.A. du Bassin de Bourg-en-Bresse,{962DE155-1E91-41CB-B0A1-848671E6E8DD},,Difficile,,Coligny_Frontiere_revermontoise_2023,,Courmangoux / Coligny,,Frontière Revermontoise,,,,,,8h00,,oui,751,0,Col de Plain Champ + Plateau de Vergongeat,0.27,20.2,,OUI,"20,2 km",,,jaune,,,751 m,pédestre,,,,,,8,480,,,20172.6814512823,2826
NON,47,2,ENS combre d'Orvaz Roche Fauconnière et sentier d'interprétation,C.A. Haut-Bugey,{2DC2B775-292F-46BA-98F0-A74E32EAC994},2,Très facile,6,Cirque_d_Orvaz_2022,Conseil départemental,Belleydoux,7,Cirque d'Orvaz,16,2,0,20,2,1h30,0,OUI,113,0,D48 au niveau du viaduc direction Orvaz,0.37,5.4,2,OUI,"5,4 km",8,0,jaune,0,7,118 m,pédestre,2,6,,26,5,2,90,5,2,5369.8938650865,2827
NON,41,2,Passage de D1084,C.A. Haut-Bugey,{CB02B02A-BDF7-4A9D-B1EF-2A2738B7D5BB},3,Facile,10,Boucle_de_Maillat_2022,"RP Gex* (6), Le Haut-Bugey à pied (21)",Maillat,7,Boucle de Maillat,13,0,0,13,2,3h00,3,OUI,180,0,Place de la mairie,0.22,9.6,0,OUI,"9,6 km",5,0,Jaune,0,0,180 m,pédestre,2,6,,27,5,3,180,5,3,9644.17265369687,2828
,49,2,"L'Albarine, hameaux de Nantuy et La Ragiaz, chèvrevie de la Bertinière",C.A. Haut-Bugey,{6C13BD30-BA91-49E1-8C09-8A2D29245B10},3,Moyen,7,De_Nantuy_a_la_ragiaz_par_la_crete_2022,"RP Bugey (FFRandonnée Ain), Balades et randonnées sur le plateau d'hauteville (ARP Hauteville-Albarine)",Plateau d'Hauteville,7,De Nantuy à la Ragiaz par la crête,17,0,3,20,2,2h50,0,oui,320,0,Nantuy - Parking  au bord de la D21bis,0.06,8.1,2,OUI,"8,1 km",7,0,jaune,0,7,320 m,pédestre,2,6,,0,5,3,170,5,3,8148.48495938119,2829
,42,2,Forêts.,C.A. Haut-Bugey,{71C8FEF6-A1AC-49A1-90E1-F177C8D91907},2,Difficile,7,Foret_de_Ravieres_et_de_Jailloux_2022,"RP Bugey (FFRandonnée Ain), Balades et randonnées sur le plateau d'hauteville (ARP Hauteville-Albarine)",Thézillieu ou Prémillieu,7,Forêts de Ravière et de Jailloux,15,0,3,20,2,5h20,0,oui,515,0,Parking de l'église de Thézillieu ou Place de la mairie de Prémillieu,0.21,15,2,OUI,15 km,6,0,jaune,0,7,515 m,pédestre,2,6,,0,0,5,320,0,3,14978.0743752196,2830
OUI (neige),58,2,Site emblématique : Lac Genin.,C.A. Haut-Bugey,{8588CBC2-C123-4CF6-8F1E-9B5B958CCB41},3,Très facile,18,L_etrange_tresor_de_la_Vouivre_2022,,Charix,7,L'etrange trésor de la Vouivre,20,2,6,20,2,0h45,6,OUI,41,0,Parking du lac Genin,0.12,2.4,2,OUI,"2,4km",8,0,Sentier d'interprétation,2,7,41 m,pédestre,2,6,,,0,1,45,0,3,2414.48747355427,2831
,47,2,"Nombreux panoramas, Belvédère de Curnillon, chapelle de Mazières / Point sensible sécurité : 1 km de crête avec nombreux passages délicats.",C.A. Haut-Bugey,{A12FB928-E477-409A-8A09-C6A4A3EA3DEA},3,Difficile,12,La_chevauchee_des_3_cretes_2022,Balades et randonnées sur le plateau d'hauteville (ARP Hauteville-Albarine),Plateau d'Hauteville,7,La chevauchée des 3 crêtes,18,2,3,17,2,4h15,3,oui,406,0,Parking de La Praille,0.09,12.8,0,OUI,"12,8 km",8,0,,2,7,406 m,pédestre,2,3,,0,0,4,255,0,3,12812.641632115,2832
,61,2,"Village de Prémillieu et Armix, 100% public. A noter : L'itinéraire est au 2/3 en dehors de la CC",C.A. Haut-Bugey,{D009A8F8-DF47-417D-A548-4E029EAE225E},2,Moyen,0,De_Premillieu_a_Armix_2022,Balades et randonnées sur le plateau d'hauteville (ARP Hauteville-Albarine),Prémillieu,7,De Prémillieu à Armix,12,2,0,20,2,3h00,0,oui,253,0,Place de la mairie,0.35,9.7,0,OUI,"9,7 km",0,0,,0,7,253 m,pédestre,2,6,,10,10,3,253,20,2,9648.68096631843,2833
OUI (gué inondé),54,2,Problème de signalisation entre le Parc René Nicod et le parking du moulin carré. Arbres remarquables. Equipement de qualité.,C.A. Haut-Bugey,{E1D8DD27-68E8-4E39-B27E-EF43A5761C01},3,Facile,17,Sentier_de_decouverte_de_la_sarsouille_2022,,Oyonnax,7,Sentier de découverte de la Sarsouille,15,2,3,20,2,2h00,6,OUI,254,0,Parc René Nicod,0.15,5.1,0,OUI,"5,1 km",7,2,Picto Sarsouille,0,7,254 m,pédestre,2,6,,33,0,2,120,2,3,5123.1076537588,2834
OUI (neige),47,2,Pas entretenu. Passages humides. Attention : présence de patoux. Circuit anciennement dénomé 'Echallon Sud',C.A. Haut-Bugey,{2ADE760B-49E8-41F6-9825-688E5FDCEBE6},2,Moyen,10,Tour_d_Echallon_par_Miribel_2022,,Echallon,7,Le tour d’Echallon par Miribel,12,0,3,20,2,4h00,3,OUI,296,0,Parking salle des fêtes / City stade,0.33,13.2,0,OUI,"13,2 km",6,0,Jaune,0,7,296 m,pédestre,2,6,,19,5,4,240,5,2,13232.9231274446,2835
OUI (neige),39,0,Pas entretenu. Passages humides. Attention : présence de patoux. Circuit anciennement dénomé 'Echallon Nord',C.A. Haut-Bugey,{6AE50110-45E8-4F1C-9524-40B57D1E90CE},3,Moyen,10,Sur_Echallon_par_le_monument_du_maquis_2022,,Echallon,7,Sur Echallon par le monument du Maquis,12,2,3,17,2,3h30,3,Oui,350,0,Monument du maquis,0.07,10.4,0,OUI,"10,4 km",4,0,Jaune,0,7,350 m,pédestre,2,3,,40,0,4,210,0,3,10401.5788318599,2836
,40,2,Forêts de Rouge et de Gervais.,C.A. Haut-Bugey,{A211F349-9105-4331-BB8D-223B49CDA42F},2,Difficile,7,De_Thezillieu_a_Vaux_st_Sulpice_2022,,Thézillieu,7,De Thézillieu à Vaux-St-Sulpice,13,0,3,20,2,5h00,0,oui,409,0,Parking de l'église,0.25,16,0,OUI,16 km,6,0,,0,7,409 m,pédestre,2,6,,0,0,5,300,0,3,16010.2943829519,2837
,48,2,"Site emblématique: plan d'eau des Lésines, marais de Vaux, panorama de Planachat, tilleul de Sully, Vierge de Servoin",C.A. Haut-Bugey,{5FC7797C-383D-4CFE-9E88-E001EC0DD234},2,Difficile,9,Des_Lesines_a_Planachat_2022,,Plateau d'Hauteville,7,Des Lésines à Planachat,19,2,3,20,2,6h00,0,oui,578,0,Parking de l'étang des Lésines,0.23,19.2,2,OUI,"19,2 km",8,0,jaune,2,7,578 m,pédestre,2,6,,0,0,6,360,0,3,19275.8668550181,2838
<Nul>,44,2,"Site emblématique : panorama de Planachat (table d'orientation), forêts",C.A. Haut-Bugey,{BCFF4098-C55E-4ECA-A0F4-6602A326F54C},0,Moyen,9,Le_belvedere_de_Planachat_2022,"RP Bugey (FFRandonnée Ain), Balades et randonnées sur le plateau d'hauteville (ARP Hauteville-Albarine), L'Ain à pied (FFRandonnée)",Cormaranche-en-Bugey,7,Le Belvédère de Planachat,15,2,3,20,2,3h30,0,oui,430,0,Parking près de l'église,0.26,9.4,0,OUI,"9,4 km",8,0,jaune,2,7,430 m,pédestre,2,6,,0,0,4,210,0,3,8994.54935269981,2839
,46,2,"Site emblématique : Belvédère de Sérémond (table d'orientation), borne à crosse abbatiale",C.A. Haut-Bugey,{BDB6B539-41CC-4689-BB05-6A777DC04391},0,Difficile,9,Le_belvedere_de_Seremond_2022,"RP Bugey (FFRandonnée Ain), Balades et randonnées sur le plateau d'hauteville (ARP Hauteville-Albarine), L'Ain à pied (FFRandonnée)",Thézillieu,7,Le Belvédère de Sérémond,17,2,3,20,2,4h00,0,oui,400,0,Place de l'église,0.23,12,2,OUI,12 km,8,0,jaune,2,7,400 m,pédestre,2,6,,0,0,4,240,0,3,12012.5694035957,2840
OUI (passage à gué),75,2,Itinéraire déconseillé lors et après des orages et les pluies continues.,C.A. Haut-Bugey,{522971A1-0C3A-42CD-9FD7-102CA841B961},3,Facile,20,La_vallee_du_landeyron_2022,"RP Gex* (5), Le Haut-Bugey à pied (10)",Montréal-la-Cluse,7,La Vallée du Landeyron (sentier d'interprétation),15,2,6,20,2,2h00,6,OUI,220,0,Petite place près du collège (rue du mont),0.06,3.8,0,OUI,"3,8 km",7,2,Jaune,0,7,220 m,pédestre,2,6,,0,10,2,120,20,3,3880.25705988608,2841
NON,57,2,Point de vue : belvédère de la Pierre du Curé.,C.A. Haut-Bugey,{6ED9D8E8-97DB-47BA-AA09-8D1C698EB70C},3,Très facile,15,La_Vierge_de_Diesse_2022,"RP Gex* (3), Le Haut-Bugey à pied (5)",Oyonnax,7,La vierge de Diesse,14,0,3,20,2,1h30,6,OUI,120,0,Parking Petit Longchamp,0,4,0,OUI,4 km,6,2,Jaune,0,7,120 m,pédestre,2,6,,100,0,2,120,8,3,4023.16750108801,2842
NON,33,0,2 passages sur l'A404 / court tronçon de sentier raide et glissant par temps humide à l'est de la borne 816 / départ pas indiqué.,C.A. Haut-Bugey,{EB357783-4D02-486A-9156-75286B856314},3,Facile,5,Les_Grands_Plans_2022,Le Haut-Bugey à pied (8),Martignat,7,Les Grands Plans,11,0,0,17,1,2h30,3,OUI,300,0,Jargeat,0.2,6.4,0,OUI,"6,4 km",4,0,Jaune,0,7,300 m,pédestre,2,3,,58,0,3,150,0,3,6438.83024408272,2843
NON,42,2,Eolienne. Impraticabilité temporaire nombreux arbres en travers du sentier.,C.A. Haut-Bugey,{B419E596-9B97-4BC9-8A74-CA0171CF9FB8},3,Moyen,12,Sur_les_pentes_de_l_Avocat_2022,"RP Gex* (6), Le Haut-Bugey à pied (22)",Vieu d'Izenave,7,Sur les pentes de l'Avocat,10,2,0,20,0,3h30,3,OUI,350,0,Hangar communal,0.08,11.1,0,OUI,"10,5 km",4,0,Hangar communal,0,7,350 m,pédestre,2,6,,32,0,4,210,0,3,11112.6470299882,2844
,46,2,"Site emblématique : panorama de Planachat (table d'orientation), tilleul de Sully, Vierge de Servoin",C.A. Haut-Bugey,{BA8E21A3-AC23-4AE9-8975-A22979B57622},3,Moyen,9,Planachat_et_la_ferme_guichard_2022,RP Bugey,Cormaranche-en-Bugey,7,Planachat et la ferme Guichard,17,2,3,20,2,3h45,0,oui,520,0,parking près de l'église,0.31,10.8,0,OUI,"10,8 km",8,0,jaune,2,7,520 m,pédestre,2,6,,0,0,4,225,0,2,10871.7778245683,2845
,45,2,"Villages du Bugey,",C.A. Haut-Bugey,{988C856B-1D9D-4DEB-ACAD-0A2C4D1315D3},0,Difficile,7,les_4_villages_au_depart_de_lacoux_2023,,Lacoux,7,Circuit des quatre villages,10,0,3,20,2,6h00,0,oui,535,0,Parking du Centre d'Art Contemporain,0.43,18.6,0,OUI,"18,7 km",6,0,Jaune,0,7,535 m,pédestre,2,6,,8,0,6,360,8,2,18605.1211820614,2846
,41,2,Point sensible sécurité : 1 km de crête avec nombreux passages délicats.,C.A. Haut-Bugey,{4C8BF0D1-F580-45B1-8B3F-453F085DC41D},3,Facile,10,Les_cretes_de_la_Clye_2022,Balades et randonnées sur le plateau d'hauteville (ARP Hauteville-Albarine),Plateau d'Hauteville,7,Les crêtes de Clye,14,0,3,17,2,180 m,3,oui,180,0,Parking de La Praille,0.07,7.5,0,OUI,"7,5 km",6,0,,0,7,180 m,pédestre,0,3,,0,0,2,140,0,3,7484.95195291366,2847
NON,64,2,Proximité autoroute A40 tout le long du parcours,C.A. Haut-Bugey,{2BEC781B-FD93-464B-BA26-79785079E5A9},3,Facile,20,Sentier_des_glacieres_2022,,Les Neyrolles,3,Sentier des Glacières,19,2,6,9,1,2h30,6,oui,110,0,Parking Aire d'accueil,0,7.5,2,OUI,"7,5 km",8,2,Jaune,2,0,110 m,pédestre,2,6,,,8,3,150,16,3,7570.54749612368,2848
NON,40,2,Passage de la Départementale descente Berthiand (barrière à passer glissière sécurité)D979,C.A. Haut-Bugey,{8554432A-BA64-4124-ABD2-9056E7C1DE7B},0,Difficile,16,Randonnee_au_dessus_de_l_Ain_2022,,Leyssard,7,Randonnée au dessus de l'Ain,11,0,6,13,2,4h30,6,oui,450,0,Parking de la mairie,0.31,12.7,0,OUI,"12,7 km",7,0,Jaune,0,0,450 m,pédestre,2,6,,41,0,5,270,0,2,12686.5650495105,2849
NON,0,2,,C.A. Haut-Bugey,{4F8A8997-D0F6-4D10-9235-D8A714276A86},3,Moyen,20,Sentier_de_la_garde_du_Mont_Cornet_2022,,Les Neyrolles,7,Sentier de la Garde du Mont Cornet,17,2,6,20,1,2h00,6,oui,300,0,Parking Aire d'accueil,0.2,6.7,0,OUI,"6,7 km",8,2,Jaune,2,7,300 m,pédestre,2,6,,68,10,2,120,20,3,6696.09728898397,2850
,44,2,"Panorama sur Valromey et chaîne des Alpes, Pratiquement pas de goudron",C.A. Haut-Bugey,{422313C5-45B9-434B-B1E1-D20E03FA3E95},3,Très facile,10,Les_cretes_de_Valorse_2022,,Plateau d'Hauteville,7,Les crêtes de Valorse,14,,3,20,2,1h20,3,oui,87,0,Parking de La Praille,0.01,4.4,0,OUI,"4,4 km",6,0,,0,0,87 m,pédestre,2,6,,0,0,1,80,0,3,4389.42670585024,2851
NON,57,2,"Site emblématique : Vestiges du temple gallo-romain, 2 points de vue",C.A. Haut-Bugey,{B3C788E8-74B4-4ECA-B1AB-9875FCAEA544},0,Moyen,18,Rando_a_la_romaine_2022,,Izernore,7,Rando à la romaine,9,2,6,20,1,4h00,6,oui,309,0,Place de l'église,0.54,12.8,0,OUI,"12,8 km",6,0,Jaune,2,0,309 m,pédestre,2,6,,4,8,4,240,10,0,12878.5606888133,2852
NON,0,0,,C.A. Haut-Bugey,{7332E544-9C21-48BA-B345-9AA886B6D482},3,Difficile,18,Sentier_de_Colliard_2022,,Les Neyrolles,3,Sentier de Colliard,16,2,6,12,2,4h00,6,oui,500,0,Parking Aire d'accueil,0.01,10.6,0,OUI,"10,7 km",8,2,Parking Aire d'accueil,0,3,500 m,pédestre,2,6,,42,10,4,240,20,3,10684.4478335521,2853
NON,49,2,"Passage sous un pont non indiqué sur la carte, départ peu évident.",C.A. Haut-Bugey,{21FF03B6-E3A5-4724-BC21-1BDE2906D72D},2,Très facile,14,Sentier_botanique_de_la_Rippe_2022,,Lantenay,7,Sentier Botanique de la Rippe (sentier d'interprétation),10,2,3,20,2,1h00,3,oui,88,0,Place du hangar,0.53,3.6,0,OUI,"3,6 km",6,2,Jaune,0,7,88 m,pédestre,2,6,,41,0,1,60,5,0,3578.10362020532,2854
NON,0,2,,C.A. Haut-Bugey,{DA2B3D4D-C92B-4517-BC5D-58F640935665},0,Difficile,16,Les_monts_Berthiand_2022,,Nurieux,7,Les Monts Berthiand,11,0,0,20,0,6h00,6,oui,400,0,Parking de la Mairie,0.42,19.6,0,OUI,"19,6 km",7,0,Jaune,0,7,400 m,pédestre,2,6,,25,5,6,360,5,2,19615.5714690679,2855
,50,2,"Panorama crête de La Praille, site emblématique : Belvédère de Curnillon (table d'orientation), chapelle de Mazières",C.A. Haut-Bugey,{C15F99FC-0D10-4AA1-88B8-956B1D4DAA34},3,Facile,12,Les_cretes_de_la_Praille_2022,"RP Bugey (FFRandonnée Ain), Balades et randonnées sur le plateau d'hauteville (ARP Hauteville-Albarine)",Plateau d'Hauteville,7,Les crêtes de la Praille,18,2,3,20,2,2h00,3,oui,270,0,Parking de La Praille,0.08,5.8,0,OUI,"5,8 km",8,0,,2,7,270 m,pédestre,2,6,,0,0,2,120,0,3,5859.19515467896,2856
NON,48,2,Sentier glissant par temps humide. Passage sur l'A404.,C.A. Haut-Bugey,{4763722C-72AC-47E1-A717-89CF410C0FCD},0,Facile,9,Le_tour_de_Collejard_2022,Le Haut-Bugey à pied (20),St-Martin-du-Fresne,7,Tour de Collejard,9,2,3,20,1,2h40,0,oui,160,0,Parking de La Poste,0.27,7.8,0,OUI,"7,8 km",5,0,,0,7,160 m,pédestre,2,6,,20,5,3,160,10,3,7866.35782995153,2857
,46,2,"Site emblématique : Belvédère de Curnillon (table d'orientation), panorama depuis la crête de la Praille, Monument de l'avion, borne des 3 cantons",C.A. Haut-Bugey,{A905A2A3-62E8-4371-B2F3-BC6AFF9F1BB3},3,Difficile,9,Monument_de_la_RAF_et_borne_des_3_cantons_2022,"RP Bugey (FFRandonnée Ain), Balades et randonnées sur le plateau d'hauteville (ARP Hauteville-Albarine)",Plateau d'Hauteville,7,Monument de la RAF et borne des 3 cantons,17,2,3,20,2,4h00,0,oui,400,0,Parking Terre ronde,0.16,12.4,0,OUI,"12,4 km",7,0,jaune,2,7,400 m,pédestre,2,6,,0,0,4,240,0,3,12475.9782504943,2858
NON,65,2,Panneau d'information de départ au point 656 (Point de départ à vérifier),C.A. Haut-Bugey,{7B9F295B-8C35-4A89-84F2-9B207F373DC9},3,Très facile,20,Marais_de_Napt_2022,,Sonthonnax-la Montagne,7,Marais de Napt (sentier d'interprétation),15,2,6,20,2,0h45,6,oui,41,0,Napt,0.29,2.5,0,OUI,"2,5 km",7,2,Jaune,0,7,41 m,pédestre,2,6,,28,5,1,45,10,3,2539.83156127326,2859
NON,56,2,"Nombreux panneaux d'interprétation, 2 points de vue, bonne sécurisation.",C.A. Haut-Bugey,{F8954EF7-980C-40E6-8DFC-E61F6CCBBCEC},3,Facile,20,Sentier_Felicien_2022,,Sonthonnax-la Montagne,7,Sentier Felicien,16,2,6,20,2,2h00,6,oui,257,0,Napt,0.17,5.4,0,OUI,"5,3 km",8,2,Jaune,0,7,257 m,pédestre,2,6,,48,0,2,120,0,3,5262.18216524107,2860
NON,55,2,Site emblématique : Viaduc de Cize-Bolozon. Prudence : passage sur D91b et D91,C.A. Haut-Bugey,{CC25803E-5C6F-4EB5-B9BB-70185ACB1AC8},0,Moyen,16,La_chapelle_des_chasseurs_2022,,Bolozon,7,La chapelle des chasseurs,14,0,6,20,2,3h30,6,oui,370,0,Daranche : place de la gare de Cize-Bolozon (ou proposition de JCP : modifier le point de départ pour le mettre Place de l'église de Bolozon où il y a un panneau de départ à 50 m),0.39,10.6,0,OUI,"10,6 km",8,0,Jaune,2,7,370 m,pédestre,2,6,,22,5,4,210,5,2,10655.6250367656,2861
Jaune,65,2,Site emblématique : La pierre qui vire.,C.A. Haut-Bugey,{667892A7-BBED-4D5C-AE10-D09F39B4E458},3,Moyen,16,Col_de_la_Tendue_et_Pierre_qui_Vire_2022,,Dortan,7,Col de la Tendue et Pierre qui vire,15,0,6,14,2,3h30,6,oui,570,0,Place Hotel de ville,0.22,9.6,0,OUI,"9,6 km",7,0,Jaune,2,7,570 m,pédestre,2,0,,,10,4,210,20,3,9638.61684836996,2862
,43,2,"Belvédère sur falaise non sécurisé. Vue sur le Mont-Blanc. Sculpture, arbre président. Interruption ponctuelle en 2018 suite construction réservoire. Besoin d'entretien du sentier (élagage léger).",C.A. Haut-Bugey,{8C34670E-5923-4710-87BB-4ACBBB1649C6},2,Moyen,14,La_combe_au_Noir_2022,,Bellignat,7,La Combe au noir,12,0,6,17,2,2h30,3,oui,510,0,"Lieu-dit ""La Caserne""",0,6.6,0,OUI,"6,6 km",6,2,,0,7,510 m,pédestre,1,3,,95,0,3,150,0,2,6639.56166173069,2863
NON,61,2,"Site emblématique : Chanduraz, la Roche Percée",C.C. Bugey Sud,{9AF670C6-C182-47C6-AC24-99F2978FD69F},3,Difficile,16,Chanduraz_depuis_Béon,PR01-1031,Béon,7,Chanduraz depuis Béon,20,0,6,20,2,6h00,6,Chanduraz_depuis_Beon.gpx,1089,3,près du lavoir au nord du village,0,12.1,2,OUI,"12,1 km",8,0,Jaune,2,7,1089 m,pédestre,2,6,RP Bugey (2013),5,0,6,360,5,3,12181.8525122842,2864
NON,51,2,Point de vue de Romagneux,C.C. Bugey Sud,{C7C8177A-1104-4D9C-B849-D0FED9781744},3,Moyen,16,Romagneux_depuis_Beon_2024,,Béon,7,Romagneux depuis Béon,15,0,6,20,2,3h30,6,oui,533,0,près du lavoir au nord du village,0,9.4,0,OUI,"9,4 km",7,0,près du lavoir au nord du village,0,7,533 m,pédestre,2,6,,0,0,4,210,0,3,9446.87241419663,2865
NON,58,2,"Site emblématique : Vignoble bugiste. Secteur soumis à éboulis, chute de pierre et de stalactite (l'hiver)",C.C. Bugey Sud,{47BC6071-78A7-45A6-A57F-27CC38F38D53},3,Difficile,20,La_croix_d_Innimond_2024,,St-Germain-les-Paroisses,7,La croix d'Innimond,16,2,6,17,2,4h00,6,oui,650,0,St-Germain-les-Paroisses,0.12,12.6,0,OUI,"12,6 km",6,2,Jaune,2,7,650 m,pédestre,2,3,,5,0,4,240,5,3,12626.6872380964,2866
OUI (neige),0,2,,C.C. Bugey Sud,{2BCB42E3-F1D0-4E58-B376-40D7EE38285E},0,Facile,18,Boucle_des_Roirettes_2024,,Ruffieu,7,Boucle des Roirettes,9,2,6,20,2,2h30,6,oui,160,0,Centre du village de Ruffieu,0.58,8,0,OUI,9 km,7,0,,0,7,160 m,pédestre,2,6,,8,5,3,150,13,0,7960.39495051664,2867
<Nul>,48,2,"bois, moulin de Bief, église, bocage, volaille de Bresse",C.C. Bresse et Saône,{D00E6609-2C79-42CD-BCA3-9CDBD4CD42BD},0,Difficile,0,Arbigny_Chemin_et_bois_2024,Cartoguide local,Arbigny,7,Chemin et bois,11,0,3,20,2,4h30,3,oui,118,0,Place de la mairie,0.43,17.4,0,OUI,"17,4 km",7,2,jaune,0,0,118 m,pédestre,2,6,,0,0,4,270,5,2,17419.0692813492,2868
,43,2,"prairie, moulin Bief, bocage, volaille de Bresse, église",C.C. Bresse et Saône,{D786D02E-EC75-4641-8F7D-AED04599068B},0,Facile,12,Arbigny_En_prairie_2024,Cartoguide local,Arbigny,7,En prairie,11,0,0,20,2,2h35,3,oui,51,0,Place de la mairie,0.42,10,0,OUI,10 km,7,2,jaune,0,7,51 m,pédestre,0,6,,0,0,3,155,0,2,9947.86182168776,2869
,55,2,"Site emblématique : ENS Dunes des Charmes, église, étang de Groizenière, bois.",C.C. Bresse et Saône,{9EB9901F-0E3E-4E55-842B-77FCA93EC0C8},0,Facile,12,Sermoyer_Circuit_des_Charmes_2024,Cartoguide local,Sermoyer,7,Circuit des Charmes,13,0,3,20,2,2h50,3,oui,70,0,Place de la mairie,0.53,10.6,2,OUI,"10,6 km",7,2,jaune,2,7,70 m,pédestre,2,6,,0,5,3,170,10,0,10385.8863596936,2870
,52,2,"église de Sermoyer, la Vieille seille, écluse de la Truchère et bois de Maillance (héronnière), prairie du val de Saône.",C.C. Bresse et Saône,{D7038175-6A8A-4E07-95BF-84DAA32253C7},0,Facile,12,Sermoyer_Rendez_vous_avec_la_Seille_2024,Cartoguide local,Sermoyer,7,Rendez-vous avec la Seille,10,0,3,20,2,2h35,3,oui,41,0,Place de la mairie,0.52,10,0,OUI,10 km,8,2,jaune,0,7,41 m,pédestre,2,6,,0,5,3,155,10,0,10037.2501137249,2871
NON,56,2,Belvédère non sécurisé.,C.A. Haut-Bugey,{91EE9D8C-49B4-4463-96DA-B555778A180E},3,Moyen,18,Maquis_du_Chougeat_2022,<Nul>,Matafelon-Granges,7,Le Maquis de Chougeat,16,2,0,17,2,2h45,6,oui,230,0,Chougeat (parking des chasseurs),0.21,9,0,OUI,"9,6 km",8,0,Jaune,0,7,230 m,pédestre,2,3,,20,5,3,165,5,3,9607.26367609213,2872
OUI (neige),55,2,,C.C. Bugey Sud,{837197FA-1B11-4C34-AF3D-D2EC964E82B9},0,Difficile,20,Sentier_du_Maquis_2024,,Haut-Valromey,7,Sentier du maquis de Retord (sentier d'interprétation),10,2,6,20,2,5h40,6,Sentier_du_Maquis_2024.gpx,545,0,Place de la mairie,0.29,18,0,OUI,18 km,5,2,Jaune,0,7,545 m,pédestre,2,6,Pas d'édition,5,0,6,340,5,3,18171.4180310894,2873
NON,58,2,"ENS marais en Jarine, chapelle, stèle, vallée",C.A. Haut-Bugey,{DE9078A0-F4BA-45B9-A9A8-EEB4C7769C3E},0,Moyen,12,La_vallee_de_la_Mandorne_Aranc_2024,,Aranc,7,La vallée de la Mandorne,13,0,6,20,2,3h25,0,La_vallee_de_la_Mandorne_Aranc_2024.gpx,300,0,parking de la mairie,0.42,10.7,2,OUI,"10,7 km",7,2,jaune,0,7,309 m,pédestre,2,6,,5,8,3,210,13,2,10696.5439319295,2874
NON,53,2,Ferme de Marchat,C.A. Haut-Bugey,{8C721C93-94AC-42EF-9523-A069C6EA8E4B},2,Moyen,14,Le_sentier_de_memoire_Evosges_2024,,Évosges,7,Le sentier de mémoire,12,2,6,20,2,3h00,0,Le_sentier_de_memoire_Evosges_2024.gpx,270,0,parking local des pompiers,0.32,9,0,OUI,"9,1 km",6,2,Jaune,0,7,270 m,pédestre,2,6,,5,2,2,180,7,2,9105.65454734228,2875
,,,,CDRP,{0B1FA9A3-614F-47CE-8551-0AB2D1F38E16},,Difficile,,GRP_Tour_du_Plateau_d_Hauteville_2024,,Divers (GR),,GRP Tour du Plateau d'Hauteville,,,,,,35h,,GRP_Tour_du_Plateau_d_Hauteville_2024.gpx,3035,0,Divers (GR),,115,,OUI,115 km,,,Jaune et blanc/rouge et jaune/rouge,,,3035 m,pédestre,,,,,,35,2100,,,115498.980184175,2876
NON,0,2,,C.C. Bugey Sud,{88B9326F-3A1E-43CA-8AEC-831DA4AA4812},3,Moyen,18,La_randonnee_du_Chevrier_2024,,Cheignieu-la-Balme,7,La Randonnée du Chevrier,16,0,6,20,2,3h45,6,La_randonnee_du_Chevrier_2024.gpx,660,0,Place de l'église,0.16,13.5,0,OUI,"13,5 km",8,2,Jaune,0,7,660 m,pédestre,2,6,,5,0,4,225,5,3,13522.5385358638,2877
NON,59,2,,C.C. Rive de l'Ain Pays du Cerdon,{C32F8B1B-0213-41EB-9099-DA503BD80514},2,Difficile,16,Les_vignes_de_Jujurieux_2024,,Jujurieux,7,Les vignes de Jujurieux,18,0,6,20,2,4h30,6,Les_vignes_de_Jujurieux_2024.gpx,600,,Parking Espace Bonnet-rue Bonnet,0.36,15,0,OUI,15 km,7,2,Jaune,2,7,600 m,pédestre,2,4,,5,0,5,270,5,2,15113.7232112978,2878
NON,57,2,Ne pas s'engouffrer dans la Roche Fendue / Propriété privée,C.C. Rive de l'Ain Pays du Cerdon,{F35AD1C3-647A-49E0-BA83-0D565201FC2D},0,Moyen,18,La_Roche_Fendue_2024,,St-Jean-le-Vieux,7,La Roche Fendue,14,2,6,20,2,4h30,6,La_Roche_Fendue_2024.gpx,730,,Place du Champ de Foire,0.38,14,0,OUI,"14,4 km",8,0,Jaune,2,7,370 m,pédestre,2,6,,5,0,5,270,5,2,14447.5471312578,2879
NON,55,2,"Prudence, route très passagère entre Poncieux et Cornelle",C.C. Rive de l'Ain Pays du Cerdon,{FC390666-8BDD-45A8-B11B-8820EAD24680},2,Difficile,16,La_Vallee_du_Riez_2024,,Jujurieux,5,La Vallée du Riez,18,0,6,13,2,7h00,6,La_Vallee_du_Riez_2024.gpx,910,,Parking Espace Bonnet-rue Bonnet,0.37,20.4,0,OUI,"20,4 km",7,2,Jaune,2,5,910 m,pédestre,2,5,,8,0,7,420,8,2,20451.7013587822,2880
0,65,2,Site emblématique Grand Montrond,PGA,{F644489E-A939-421F-8467-E899039D18C4},0,Moyen,20,La_boucle_des_Montronds,,Gex,7,La boucle des Montronds,17,2,6,20,1,2h30,6,La_boucle_des_Montronds.gpx,380,0,Centre-station La faucille,0.05,7,0,OUI,7 km,8,2,Pr (jaune) + Gr (blanc et rouge ) ,2,7,380 m,pédestre,2,6,,0,8,2,180,8,3,7159.82197336389,2881
NON,59,2,Une traversée de la D1084 très dangereuse / Prudence au Rocher de Saint-Alban,C.C. Rive de l'Ain Pays du Cerdon,{8811EDB0-022A-4862-A272-3F787D3C1738},3,Moyen,20,Circuit_des_Grottes_et_des_Vignes_de_Cerdon_2024,Topo CCRAPC,Cerdon,0,Circuits des Grottes et des Vignes de Cerdon,18,2,6,13,2,4h,6,Circuit_des_Grottes_et_des_Vignes_de_Cerdon_2024.gpx,630,0,Place St Vincent,0.27,10,0,OUI,"10,8 km",8,2,Jaune,2,7,600 m,pédestre,2,6,,8,0,4,240,8,3,10712.8357486808,2882
NON,,,,CDRP,{74AADCC7-550B-4B43-8668-F8CAF329BB12},,Difficile,,GRP_Tour_Vallee_Ain_Pays_Cerdon_2024,,Poncin,,GRP Tour de la Vallée de l'Ain au Pays du Cerdon (3 jours),,,,,,17h,,GRP_Tour_Vallee_Ain_Pays_Cerdon_2024.gpx,1700,0,Parkin Foyer rural,,58,,OUI,58 km,,,Jaune et blanc/rouge et jaune/rouge,,,1700 m,pédestre,,,,,,17,1020,,,57684.1130331069,2883
,,,,GTJ,{9C604A86-6CF4-4D28-9B73-78B40DFA888E},,Difficile,,GTJ_2024,,Divers (GR),,GTJ Grande Traversée du Jura à pied (de la Borne au Lion à Culoz),,,,,,30h,,GTJ_2024.gpx,3100,0,Divers (GR),,96,,OUI,96 km,,,Blanc Rouge,,,3100 m,pédestre,,,,,,30,1800,,,96204.390175445,2884
,,,,CDRP,{B151D4DB-76FC-4265-9052-4FE1D71AB7E9},,Moyen,,GRP_Beaujolais_Bugey_par_la_Dombes_2024,,St-Bernard,,GRP Beaujolais - Bugey par la Dombes,,,,,,19h,,GRP_Beaujolais_Bugey_par_la_Dombes_2024.gpx,800,0,Parking de l'église de St-Bernard,,73,,OUI,73 km,,,Jaune et blanc/rouge et jaune/rouge,,,800 m,pédestre,,,,,,19,1140,,,72857.8532683054,2885
NON,51,2,Courte balade au bord de la rivière offrant des points de vue,C.C. Bugey Sud,{BEB0106C-C795-4EC4-B394-9BC22D884B3F},3,Facile,18,Les_cascades_de_la_Magnine_2024,,Culoz,7,Les cascades de la Magnine,13,0,6,20,2,1h45,6,Les_cascades_de_la_Magnine_2024.gpx,256,0,Parking de la maison du Vélo de Bugey Sud Tourisme,0.4,4.3,0,OUI,"4,3 km",6,2,jaune,0,7,256 m,pédestre,2,6,,0,0,2,105,0,2,4318.73933050679,2886
NON,78,2,Sentier d'interprétation autour du lac de Virieu,C.C. Bugey Sud,{0B366939-C551-4B9A-845D-DEFD899A37C1},3,Très facile,20,Le_lac_de_virieu_sentier_d_interpretation_2024,,Virieu-le-grand,7,Le lac de Virieu,18,2,6,20,2,0h30,6,Le_lac_de_virieu_sentier_d_interpretation_2024.gpx,32,0,Parking du lac de Virieu,0,1.7,2,OUI,"1,7 km",6,2,Jaune,2,7,32 m,pédestre,2,6,Pas d'édition,10,10,1,30,20,3,1728.26649751032,2887
NON,59,2,"Point de vue du lac chailloux, table d'orientation, chapelle St Anne, points d'info patrimoine",C.C. Bugey Sud,{0AE97C19-4C23-4435-95F1-391336C9A718},2,Moyen,20,Espace_Rando_Running_de_Contrevoz_Trace_rouge_11km,,Contrevoz,7,Contrevoz espace running Trace rouge,14,2,6,20,2,3h10,6,Espace_Rando_Running_de_Contrevoz_Trace_rouge_11km.gpx,218,0,Parking place de Mefon à Contrevoz,0.23,11,0,OUI,11 km,7,2,Balisage trail rouge,0,7,218 m,pédestre,2,6,,5,0,3,180,5,3,10414.7521133684,2888
NON,66,2,"Point de vue du lac chailloux, points d'info patrimoine",C.C. Bugey Sud,{291DD0FB-5DB8-4C21-AE84-28A1211D3F41},2,Facile,20,Espace_Rando_Running_de_Contrevoz_Trace_bleue_7km,,Contrevoz,7,Contrevoz espace running Trace bleue,11,2,6,19,2,2h00,6,Espace_Rando_Running_de_Contrevoz_Trace_bleue_7km.gpx,113,0,Parking place de Mefon à Contrevoz,0.36,7,0,OUI,7 km,5,2,Balisage trail bleu,0,6,113 m,pédestre,2,6,,8,8,2,12,16,2,6687.50908110852,2889
NON,70,2,"Balade facile, points d'info patrimoine",C.C. Bugey Sud,{803EF54B-750E-48F8-A835-BB9FD3C653B7},3,Très facile,20,Espace_Rando_Running_de_Contrevoz_Trace_verte_5km,,Contrevoz,7,Contrevoz espace running Trace verte,12,2,6,18,2,1h20,6,Espace_Rando_Running_de_Contrevoz_Trace_verte_5km.gpx,41,0,Parking place de Mefon à Contrevoz,0.33,5,0,OUI,5 km,5,2,Balisage trail vert,0,5,41 m,pédestre,2,6,,10,10,1,80,20,2,4954.88906183955,2890
,,,,CDRP,{52DBE129-1682-4E93-B3AC-46509AC5D3A0},,Difficile,,GRP_Tour_Revermont_2025,,Divers (GR),,GRP Tour du Revermont (7 jours),,,,,,35h,,GRP_Tour_du_Revermont_2025.gpx,3500,0,Divers (GR),,120,,OUI,120 km,,,Jaune et blanc/rouge et jaune/rouge,,,3500 m,pédestre,,,,,,35,3500,,,120034.676125392,2891
NON,,,,C.A. du Bassin de Bourg-en-Bresse,{EBA3BA53-F74B-491F-95B5-730F2B905C25},,Moyen,,Etang_de_Chapataule_et_bois_de_But_Viriat_2025,,Viriat,,Etang de Champataule et bois de But,,,,,,3h45,,Etang_de_Chapataule_et_bois_de_But_Viriat_2025.gpx,93,0,Plan d'eau de Champataule,0.39,14.9,,OUI,"14,9 km",,,jaune,,,93 m,pédestre,,,,,,4,225,,,14908.7536503643,2892
crue,47,2,"Impraticable en période de crue du Suran, passer par Planche",C.C. Rive de l'Ain Pays du Cerdon,{B11C0D27-2517-4FC6-BA74-0E363A97E7D0},3,Difficile,18,Circuit_des_hameaux_depuis_Neuville_2025,,Neuville-sur-Ain,3,Circuit des Hameaux depuis Neuville,9,0,6,12,1,6h30,6,Circuit_des_hameaux_depuis_Neuville_2025.gpx,489,0,Place du Champ de Foire,0.17,21,0,OUI,"21,2 km",2,0,Jaune,0,3,489 m,pédestre,2,6,,8,0,7,390,8,3,21221.7579838229,2893
NON,0,2,,C.C. Rive de l'Ain Pays du Cerdon,{AEE23476-45AD-463A-9390-C8B9011F536C},2,Moyen,18,Le_mont_Olivet_depuis_Neuville_2025,,Neuville-sur-Ain,7,Circuit du Mont Olivet depuis Neuville,8,0,6,20,0,3h45,6,Le_mont_Olivet_depuis_Neuville_2025.gpx,235,0,Place du Champ de Foire,0.25,13,0,OUI,13,3,2,Jaune,0,7,235 m,pédestre,2,6,,5,0,4,225,5,3,13000.5231619786,2894
NON,42,2,,C.C. Rive de l'Ain Pays du Cerdon,{A59CAC69-C460-4F09-B034-E2FA45211737},0,Difficile,18,Les_Bords_de_l_Ain_2025,,Poncin,0,Les Bords de l'Ain,15,0,6,9,2,7h00,6,Les_Bords_de_l_Ain_2025.gpx,654,0,Parking du Foyer Rural,0.26,22,0,OUI,22 km,8,2,Jaune+jaune/rouge,2,3,654 m,pédestre,2,6,,0,0,7,420,0,3,22360.9268520182,2895
NON,49,2,,C.C. Rive de l'Ain Pays du Cerdon,{D59DE23B-E126-45D0-B9A6-37452DFE5835},2,Moyen,17,Tour_du_Mont_Olivet_2025,,Pont d'Ain,6,Tour du Mont Olivet de Pont d'Ain,11,0,0,16,1,3h00,5,Tour_du_Mont_Olivet_2025.gpx,187,0,Parking quai J. Reymond,0.32,10,0,OUI,"10,4 km",5,2,Jaune,1,6,187 m,pédestre,2,4,,5,0,3,180,5,2,10385.9348877134,2896
,,,,CDRP,{9465C317-81AC-4E7A-91C5-E711568AF34A},,Difficile,,GR_5_Balcon_Du_Leman_2025,,Divers (GR),,GR5 (de la Borne au Lion à Collonges),,,,,,GR (étapes),,GR_5_Balcon_Du_Leman_2025.gpx,2750,0,Divers (GR),,48,,OUI,48 km,,,Blanc Rouge,,,2750 m,pédestre,,,,,,,,,,47719.2820253391,2897
,,,,CDRP,{E641BEE9-232C-484D-8994-474B739992D5},,Difficile,,GRP_Grand_Tour_De_La_Valserine_2025.gpx,,Valserhône,,GRP Grand Tour de la Valserine (5 jours),,,,,,31h,,GRP_Grand_Tour_De_La_Valserine_2025.gpx,2750,0,Gare Valserhône,,98,,OUI,98 km,,,Jaune et blanc/rouge et jaune/rouge,,,2750 m,pédestre,,,,,,31,1860,,,97713.8731131954,2898
NON,57,2,,C.A. Haut-Bugey,{05BE1567-A6BF-414C-9458-6A372F501F83},2,Difficile,17,Autour_de_Malapierre_2025,,Matafelon-Grange,7,Autour de la Malapierre,15,2,6,20,2,4 h,6,Autour_de_Malapierre_2025.gpx,370,0,Place des deux Fours à Bombois,0.33,12,0,OUI,12 km,7,0,Jaune,2,7,370 m,pédestre,1,6,,12,5,4,255,5,2,12580.9123953683,2899
NON,,,,C.C. de la Plaine de l'Ain,{EDCABA3A-F69F-4121-9CBE-BB8ABA196342},,Moyen,,AMBERIEU_EN_BUGEY_Chateau_de_St_Germain_et_Lac_bleu_2025,,AMBERIEU EN BUGEY,,Le Chateau de St Germain et le lac bleu,,,,,,3h30,,AMBERIEU_EN_BUGEY_Chateau_de_St_Germain_et_Lac_bleu_2025.gpx,290,0,parking du MOTO CROSS - bois des brosses,0.12,7.5,,OUI,"7,5 km",,,jaune,,,290 m,pédestre,,,,,,3,210,,,7457.4573699276,2900
NON,,,,C.C. de la Plaine de l'Ain,{35FAEF30-9264-45C1-9D94-9A7CB2BE6115},,Facile,,AMBERIEU_EN_BUGEY_De_Vareilles_aux_ruines_de_St_Germain_2025,,AMBERIEU EN BUGEY,,De Vareilles aux ruines de Saint-Germain,,,,,,2h20,,AMBERIEU_EN_BUGEY_De_Vareilles_aux_ruines_de_St_Germain_2025.gpx,280,0,parking du Château des Echelles,0.11,5.8,,OUI,"5,8 km",,,jaune,,,280 m,pédestre,,,,,,2,140,,,5819.34040325342,2901
NON,,,,C.C. de la Plaine de l'Ain,{84CF3A8A-666F-4FEA-A8BF-5566408EA68B},,Moyen,,AMBERIEU_EN_BUGEY_Des_Brosses_au_chateau_des_Allymes_2025,,AMBERIEU EN BUGEY,,Des Brosses au Château des Allymes,,,,,,3h,,AMBERIEU_EN_BUGEY_Des_Brosses_au_chateau_des_Allymes_2025.gpx,310,0,parking du MOTO CROSS - Bois des Brosses,0.12,8,,OUI,8 km,,,jaune ,,,310 m,pédestre,,,,,,3,180,,,8009.6030618912,2902
NON,,,,C.C. de la Plaine de l'Ain,{EEE3BFD6-680F-4FBE-A3AE-06BCCA04E0AB},,Difficile,,AMBERIEU_EN_BUGEY_Le_grand_tour_d_Ambérieu_2025,,AMBERIEU EN BUGEY,,Le Grand tour d'Ambérieu,,,,,,5h45,,AMBERIEU_EN_BUGEY_Le_grand_tour_d_Ambérieu_2025.gpx,580,0,parking du Château des Echelles,0.07,14,,OUI,14 km,,,jaune,,,580 m,pédestre,,,,,,6,345,,,14145.816090671,2903
NON,,,,C.C. de la Plaine de l'Ain,{DA12EF48-9A93-4832-9E0E-52135D5E15A0},,Très facile,,AMBERIEU_EN_BUGEY_Le_tour_des_brosses_2025,,AMBERIEU EN BUGEY,,Le tour des Brosses,,,,,,1h45,,AMBERIEU_EN_BUGEY_Le_tour_des_brosses_2025.gpx,150,0,parking du MOTO CROSS - Bois des Brosses,0.11,5,,OUI,"5,2 km",,,jaune,,,150 m,pédestre,,,,,,2,105,,,5212.89693389445,2904
NON,41,2,,C.C. de la Plaine de l'Ain,{B31CA7E8-F0CA-42EB-BC42-2867FCEA73FF},2,Moyen,10,AMBRONAY_Plans_d_eau_de_Longeville_et_du_Vorgey_2025.gpx,,AMBRONAY,7,Les plans d'eau de Longeville et du Vorgey,11,0,3,20,1,3h25,3,AMBRONAY_Plans_d_eau_de_Longeville_et_du_Vorgey_2025.gpx,29,0,"Hameau de Longeville, parking au bord de la D12",0.19,13.5,0,OUI,"13,5 km",5,0,jaune,0,7,29 m,pédestre,2,6,,0,0,3,205,0,3,13498.1311178386,2905
NON,0,2,,C.C. de la Plaine de l'Ain,{2A5AD345-3503-4CBE-BEB6-F65FBDA3D34D},3,Très facile,10,AMBRONAY_Tour_du_plan_d_eau_de_Longeville_2025.gpx,,AMBRONAY,7,Tour du plan d'eau de Longeville,12,0,3,20,1,1h30,3,AMBRONAY_Tour_du_plan_d_eau_de_Longeville_2025.gpx,18,0,"Hameau de Longeville, parking au bord de la D12",0.05,6,0,OUI,6 km,5,0,jaune,0,7,18 m,pédestre,2,6,,0,0,2,90,0,3,5945.73702421428,2906
NON,,,,C.C. de la Plaine de l'Ain,{836AA040-CDF2-4EE9-A0A6-3E7BB6264ECC},,Difficile,,ARANDAS_Autour_de_la_vallee_de_la_Caline_2025,,ARANDAS,,Autour de la vallée de la Caline,,,,,,4h,,ARANDAS_Autour_de_la_vallee_de_la_Caline_2025.gpx,530,0,parking entre la D104A et la rue de la Galardière,0.29,11.6,,OUI,"11,6 km",,,jaune,,,530 m,pédestre,,,,,,4,240,,,11697.2969221769,2907
NON,,,,C.C. de la Plaine de l'Ain,{5FE086ED-4A72-4238-B441-5A0ABD48C239},,Difficile,,ARGIS_Le_circuit_de_Plomb_2025,,ARGIS,,Le circuit de Plomb,,,,,,6h30,,ARGIS_Le_circuit_de_Plomb_2025.gpx,740,0,Place du Centre,0.33,20,,OUI,20 km,,,jaune,,,740 m,pédestre,,,,,,7,390,,,20219.5024823584,2908
NON,,,,C.C. de la Plaine de l'Ain,{ED6F79C0-A989-41D5-AFD6-17BB19ACBE13},,Difficile,,ARGIS_Le_Village_rond_d_Oncieu_2025,,ARGIS,,Le Village rond d'Oncieu,,,,,,4h30,,ARGIS_Le_Village_rond_d_Oncieu_2025.gpx,510,0,Place du Centre,0.53,14.8,,OUI,"14,8 km",,,jaune,,,510 m,pédestre,,,,,,5,270,,,14780.5383021382,2909
NON,,,,C.C. de la Plaine de l'Ain,{66093C2F-4D09-47D7-A71A-DB1916FCD65F},,Difficile,,ARGIS_Les_Rochers_de_Cauche_2025,,ARGIS,,Les Rochers de Cauche,,,,,,4h,,ARGIS_Les_Rochers_de_Cauche_2025.gpx,780,0,Place du Centre,0.23,12.4,,OUI,"12,4 km",,,jaune,,,780 m,pédestre,,,,,,4,240,,,12422.0278019673,2910
NON,,,,C.C. de la Plaine de l'Ain,{2D3AA0AE-E7E4-43D3-AEF4-A21DAFFB0B8A},,Moyen,,BENONCES_Le_Mont_Frioland_2025,,BENONCES,,Le Mont Frioland,,,,,,3h30,,BENONCES_Le_Mont_Frioland_2025.gpx,270,0,parking du Col de Portes,0.07,10,,OUI,10 km,,,jaune,,,270 m,pédestre,,,,,,4,210,,,10315.4025780074,2911
,57,2,,C.C. de la Plaine de l'Ain,{51A42575-CF8E-4F1C-81D6-92BE8C2FA97A},3,Facile,12,BENONCES_Sentier_des_3_rivieres_2025,,BENONCES,7,Le sentier des 3 rivières,17,2,3,20,2,2h45,3,BENONCES_Sentier_des_3_rivieres_2025.gpx,227,0,parking derrière le cimetière,0.12,9,2,OUI,9 km,7,0,jaune,0,7,227 m,pédestre,2,6,,8,0,3,165,8,3,8902.99896568954,2912
NON,,,,C.C. de la Plaine de l'Ain,{EF3B0631-9A23-446E-B8B6-4DD17C73B26E},,Très facile,,BLYES_La_riviere_d_ain_2025,,BLYES,,La rivière d'Ain (sentier d'interprétation),,,,,,1h30,,BLYES_La_riviere_d_ain_2025.gpx,35,0,vers le prieuré,0.1,4.4,,OUI,"4,4 km",,,jaune,,,35 m,pédestre,,,,,,0,90,,,4343.6370652476,2913
NON,,,,C.C. de la Plaine de l'Ain,{8B1C3C15-72C0-47AB-8DD8-897D80B1490C},,Facile,,BOURG_ST_CHRISTOPHE_Sentier_de_la_Cotiere_Perouges_2025,,PEROUGES ET BOURG ST-CHRISTOPHE,,Sentier de la Côtière de Pérouges,,,,,,2h30,,BOURG_ST_CHRISTOPHE_Sentier_de_la_Cotiere_Perouges_2025.gpx,140,0,"Pérouges : devant l'office de tourisme
Bourg St Christophe : vers l'église",0.45,8.5,,OUI,"8,5 km",,,jaune,,,140 m,pédestre,,,,,,3,150,,,8463.92527987173,2914
,,,,C.C. de la Plaine de l'Ain,{A60A7F7E-184D-47C4-93BD-EBC6ABFB9C21},,Facile,,BRIORD_Les_bords_du_Rhone_2025.gpx,,BRIORD,,Les bords du Rhône,,,,,,2h,,BRIORD_Les_bords_du_Rhone_2025.gpx,160,0,Parking du Musée,,7,,OUI,7 km,,,jaune,,,160 m,pédestre,,,,,,2,120,,,7005.44896923264,2915
NON,,,,C.C. de la Plaine de l'Ain,{3F30F94E-C0C1-41A2-BBA1-423D64D2BAE7},,Très facile,,CHALEY_Au_fil_de_l_eau_2025,,CHALEY,,Le Sentier Au fil de l'Eau (sentier d'interprétation),,,,,,1h30,,CHALEY_Au_fil_de_l_eau_2025.gpx,85,0,parking vers l'étang,0.35,4,,OUI,4 km,,,jaune,,,85 m,pédestre,,,,,,2,90,,,4061.09607482618,2916
NON,40,2,,C.C. de la Plaine de l'Ain,{1EC6E1B6-14BD-4C89-8D54-7275FCE9CF2A},2,Moyen,10,CHATEAU_GAILLARD_De_Chateau_Gaillard_a_Priay_2025,,CHÂTEAU-GAILLARD,7,De Château Gaillard à Priay,10,0,3,20,1,3h50,3,CHATEAU_GAILLARD_De_Chateau_Gaillard_a_Priay_2025.gpx,51,0,parking centre village,0.19,14.9,0,OUI,"14,8 km",4,0,jaune,0,7,51 m,pédestre,2,6,,0,0,0,230,0,3,14868.568183588,2917
NON,,,,C.C. de la Plaine de l'Ain,{EB41092D-F3D3-410E-892F-5D4EB11AD3A9},,Difficile,,CHAZEY_SUR_AIN_De_Chazey_a_Leyment_2025,,LEYMENT et CHAZEY SUR AIN,,De Chazey à Leyment,,,,,,5h30,,CHAZEY_SUR_AIN_De_Chazey_a_Leyment_2025.gpx,180,0,"Leyment : parking de l'église
Chazey : parking public du château de Chazey",0.21,22.6,,OUI,"22,6 km",,,jaune,,,180 m,pédestre,,,,,,6,330,,,22619.5397308153,2918
NON,,,,C.C. de la Plaine de l'Ain,{7909039D-AFB0-48D6-A3C6-BE0CC8714E0E},,Difficile,,CLEYZIEU_Cret_de_pont_par_Conand_2025,,CLEYZIEU,,Crêt de Pont par Conand,,,,,,7h,,CLEYZIEU_Cret_de_pont_par_Conand_2025.gpx,800,0,parking de la mairie,0.11,20,,OUI,20 km,,,jaune,,,800 m,pédestre,,,,,,7,420,,,20281.3930913073,2919
NON,39,,,C.C. de la Plaine de l'Ain,{7D28E91F-9E63-42E2-82E3-073FCA32115F},,Moyen,,CLEYZIEU_Les_Rochers_ de_la_Falconniere_2025,,CLEYZIEU,,Les Rochers de la Falconnière,,,,,,3h,,CLEYZIEU_Les_Rochers_ de_la_Falconniere_2025.gpx,316,0,parking de la mairie,0.18,8.6,,OUI,"8,6 km",,,jaune,,,316 m,pédestre,,,,,,3,180,,,8548.79098459952,2920
NON,,,,C.C. de la Plaine de l'Ain,{A58AEF69-5F0B-486D-A7D4-7CCFA26C0D27},,Difficile,,CLEYZIEU_Les_Rochers_de_Taporal_2025,,CLEYZIEU,,Les Rochers de Taporal,,,,,,5h,,CLEYZIEU_Les_Rochers_de_Taporal_2025.gpx,516,0,parking de la mairie,0.09,14.6,,OUI,"14,6 km",,,jaune,,,516 m,pédestre,,,,,,5,300,,,14499.5808764516,2921
NON,,,,C.C. de la Plaine de l'Ain,{BDF9A7EB-B2F0-464E-A802-B9C8EABFE574},,Difficile,,CONAND_Le_Calvaire_de_Portes_depuis_Charvieux_2025,,BENONCES,,Le Calvaire de Portes par Charvieux,,,,,,6h,,CONAND_Le_Calvaire_de_Portes_depuis_Charvieux_2025.gpx,640,0,parking du Col de Portes,0.13,19,,OUI,20 km,,,jaune,,,640 m,pédestre,,,,,,6,360,,,19939.260425326,2922
NON,,,,C.A. du Bassin de Bourg-en-Bresse,{AC099D8F-9883-4426-8492-0228AA85AC4D},,Facile,,VIRIAT_Plan_d_eau_de_Champataule_2025,,Viriat,,Plan d'eau de Champataule,,,,,,2h30,,VIRIAT_Plan_d_eau_de_Champataule_2025.gpx,40,0,Plan d'eau de Champataule,0.38,9.3,,OUI,"9,3 km",,,jaune,,,40 m,pédestre,,,,,,3,150,,,9355.23924618594,2923
NON,,,,C.C. de la Plaine de l'Ain,{8D740E34-73C5-46B4-95D1-35FA99D239AD},,Moyen,,INNIMOND_Le_Mont_Pela_2025,,INNIMOND,,Le Mont Pela,,,,,,2h30,,INNIMOND_Le_Mont_Pela_2025.gpx,290,0,parking vers le lavoir,0.16,8.3,,OUI,"8,3 km",,,jaune,,,290 m,pédestre,,,,,,3,150,,,8295.28619617479,2924
attention aux périodes de chasse,,,,C.C. de la Plaine de l'Ain,{1E9227C9-552C-49BC-9E9A-CBAECCC0BDBD},,Facile,,JOYEUX_Ronde_en_Dombes_2025,,JOYEUX,,Ronde en Dombes,,,,,,2h45,,JOYEUX_Ronde_en_Dombes_2025.gpx,30,0,parking de l'école primaire,0.53,11,,OUI,11 km,,,jaune,,,30 m,pédestre,,,,,,3,165,,,10928.694944075,2925
NON,,,,C.C. de la Plaine de l'Ain,{C7420C33-2479-4FA2-954E-DBDE4F0E2D52},,Difficile,,L_ABERGEMENT_DE_VAREY_La_chapelle_perdue_de_saint_barnard_2025,,L'ABERGEMENT DE VAREY,,La Chapelle perdue de Saint-Bernard,,,,,,4h,,L_ABERGEMENT_DE_VAREY_La_chapelle_perdue_de_saint_barnard_2025.gpx,485,0,"sur la D63, vers le cabanon, avant la rue pour monter au village",0.13,12,,OUI,12 km,,,jaune,,,485 m,pédestre,,,,,,4,240,,,11791.3263482053,2926
NON,,,,C.C. de la Plaine de l'Ain,{A307606C-4273-4431-BE12-0945BAB7FBF1},,Moyen,,L_ABERGEMENT_DE_VAREY_La_ferme_de_la_montagne_2025,,L'ABERGEMENT DE VAREY,,Circuit de la ferme de la montagne,,,,,,3h,,L_ABERGEMENT_DE_VAREY_La_ferme_de_la_montagne_2025.gpx,320,0,"sur la D63, vers le cabanon, avant la rue pour monter au village",0.33,8.8,,OUI,"8,8 km",,,jaune,,,320 m,pédestre,,,,,,3,180,,,8842.46738073337,2927
NON,,,,C.C. de la Plaine de l'Ain,{A52019DD-456F-4940-ABF4-E760B30173D9},,Difficile,,LHUIS_Circuit_de_Saint_Alban_2025,,LHUIS,,Circuit de Saint-Alban,,,,,,5h45,,LHUIS_Circuit_de_Saint_Alban_2025.gpx,500,0,parking de l'église,0.16,18.2,,OUI,"18,2 km",,,jaune,,,500 m,pédestre,,,,,,6,345,,,18173.2737004906,2928
NON,,,,C.C. de la Plaine de l'Ain,{03A04139-7061-4C2D-A9C2-39F448AC6AF5},,Difficile,,LHUIS_La_chevre_2025,,LHUIS,,La Chèvre,,,,,,5h,,LHUIS_La_chevre_2025.gpx,730,0,parking de l'église,0.14,13.8,,OUI,"13,8 km",,,jaune,,,730 m,pédestre,,,,,,5,300,,,13806.7465595489,2929
NON,,,,C.C. de la Plaine de l'Ain,{15CA6252-D622-487A-9B6E-96B5275406E5},,Moyen,,LHUIS_Le_tour_de_Lhuis_2025,,LHUIS,,Le tour de Lhuis,,,,,,3h,,LHUIS_Le_tour_de_Lhuis_2025.gpx,360,0,parking de l'église,0.22,12,,OUI,12 km,,,jaune,,,360 m,pédestre,,,,,,3,180,,,11983.8241724063,2930
NON,,,,C.C. de la Plaine de l'Ain,{C9DA05FD-1885-4F99-9B81-2C053408F1B7},,Difficile,,LHUIS_Les_hauts_de_Lhuis_2025,,LHUIS,,Les hauts de Lhuis,,,,,,7h,,LHUIS_Les_hauts_de_Lhuis_2025.gpx,840,0,parking de l'église,0.13,20.5,,OUI,"20,5 km",,,jaune,,,840 m,pédestre,,,,,,7,420,,,20530.3391582837,2931
NON,,,,C.C. de la Plaine de l'Ain,{2B027C26-3A2A-4824-A4B9-9F8D1DCA3B34},,Moyen,,LOMPNAS_Les_Charmilles_2025,,LOMPNAS,,Les charmilles,,,,,,3h25,,LOMPNAS_Les_Charmilles_2025.gpx,280,0,LOMPNAS,0.11,8.5,,OUI,"8,5 km",,,jaune,,,280 m,pédestre,,,,,,3,205,,,8413.33132909389,2932
NON,,,,C.C. de la Plaine de l'Ain,{0B6F6395-847D-44DA-8137-0D98800F5BB8},,Facile,,LOYETTES_Au_bord_du_rhone_2025,,LOYETTES,,"Loyettes, au bord du Rhône",,,,,,2h30,,LOYETTES_Au_bord_du_rhone_2025.gpx,30,0,parking à côté de l'église,0.21,9.3,,OUI,"9,2 km",,,jaune,,,30 m,pédestre,,,,,,3,150,,,9279.62261097267,2933
NON,,,,C.C. de la Plaine de l'Ain,{39D527F4-6B12-424A-824A-F42A0855D03E},,Très facile,,MARCHAMP_Le_sentier_de_la_carriere_de_Cerin_2025,,MARCHAMP,,Le Sentier de la Carrière de Cerin,,,,,,1h,,MARCHAMP_Le_sentier_de_la_carriere_de_Cerin_2025.gpx,157,0,parking vers le musée de Cerin,0.16,2.2,,OUI,"2,2 km",,,jaune,,,157 m,pédestre,,,,,,1,60,,,2167.49198249257,2934
NON,,,,C.C. de la Plaine de l'Ain,{CD704E2C-B985-466C-8B20-CA15685C8F6E},,Difficile,,ORDONNAZ_Le_Calvaire_de_portes_depuis_Ordonnaz_2025,,ORDONNAZ,,Le Calvaire de Portes depuis Ordonnaz,,,,,,4h30,,ORDONNAZ_Le_Calvaire_de_portes_depuis_Ordonnaz_2025.gpx,340,0,"sur la D32, en sortie de village, direction Lompnas, vers l'abribus",0.12,12.9,,OUI,"12,9 km",,,jaune,,,340 m,pédestre,,,,,,5,270,,,12844.5685265685,2935
NON,,,,C.C. de la Plaine de l'Ain,{FA255B43-CD68-49AF-A7FA-894294FD9C76},,Moyen,,SAULT_BRENAZ_Entre_Sault_et_Villebois_2025,,SAULT BRENAZ,,Entre Sault et Villebois,,,,,,2h30,,SAULT_BRENAZ_Entre_Sault_et_Villebois_2025.gpx,235,0,parking rue de Chaillon,0.44,8.9,,OUI,"8,9 km",,,jaune,,,235 m,pédestre,,,,,,3,150,,,8893.35201117195,2936
passerelle étroite pour rejoindre la cascade,,,,C.C. de la Plaine de l'Ain,{C128D9A8-9D42-4AC3-99FA-5E3FA5578D9A},,Difficile,,SERRIERES_DE_BRIORD_La_cascade_de_Luizet_et_le_tour_de_Trefond_2025,,SERRIERES DE BRIORD,,La cascade de Luizet et le tour de Trefond,,,,,,5h30,,SERRIERES_DE_BRIORD_La_cascade_de_Luizet_et_le_tour_de_Trefond_2025.gpx,590,0,place de la mairie,0.14,19,,OUI,19 km,,,jaune,,,590 m,pédestre,,,,,,6,330,,,19056.5325477323,2937
NON,,,,C.C. de la Plaine de l'Ain,{5D0CE1EF-EB1E-4E27-8E2E-33DF25683FAD},,Difficile,,SERRIERES_DE_BRIORD_Le_bois_du_Souhait_2025,,SERRIERES DE BRIORD,,Le Bois de Souhait,,,,,,4h30,,SERRIERES_DE_BRIORD_Le_bois_du_Souhait_2025.gpx,490,0,place de la mairie,0.21,13.1,,OUI,"13,1 km",,,jaune,,,490 m,pédestre,,,,,,5,270,,,13176.1525529584,2938
NON,,,,C.C. de la Plaine de l'Ain,{28E68172-18DB-4EEC-8B31-0137A44866AA},,Très facile,,SERRIERES_DE_BRIORD_Les_Anciens_Meandres_du_Rhone_2025,,SERRIERES DE BRIORD,,Le Sentier des Anciens Méandres du Rhône,,,,,,1h15,,SERRIERES_DE_BRIORD_Les_Anciens_Meandres_du_Rhone_2025.gpx,19,0,"parking du Point Vert, vers le camping",0,3.4,,OUI,"3,3 km",,,jaune,,,19 m,pédestre,,,,,,1,19,,,3446.1760658292,2939
NON,52,2,,C.C. de la Plaine de l'Ain,{04FDDD69-B4A1-4F32-B9C9-473AF0170553},3,Difficile,17,ST_DENIS_EN_BUGEY_Les_quatre_villages_2025,,ST DENIS EN BUGEY,7,Les quatre villages,15,2,6,20,2,8h,3,ST_DENIS_EN_BUGEY_Les_quatre_villages_2025.gpx,818,0,parking de la place Jean Macé,0.15,24,0,OUI,24 km,7,2,jaune,0,7,818 m,pédestre,2,6,,0,0,8,480,0,3,23959.9148202428,2940
NON,,,,C.C. de la Plaine de l'Ain,{B6F33CC7-B403-4811-8A24-DAC424CEAC42},,Facile,,ST_MAURICE_DE_GOURDANS_De_St_Maurice_de_Gourdans_a_Pollet_2025,,SAINT-MAURICE DE GOURDANS,,De Saint-Maurice-de-Gourdans à Pollet,,,,,,2h30,,ST_MAURICE_DE_GOURDANS_De_St_Maurice_de_Gourdans_a_Pollet_2025.gpx,90,0,"parking, chemin du Donnier",0.35,10.2,,OUI,"10,2 km",,,jaune,,,90 m,pédestre,,,,,,3,150,,,10172.5795871486,2941
NON,,,,C.C. de la Plaine de l'Ain,{A54D2B2B-10A8-4F11-825F-4E9AE3D17B84},,Difficile,,DOUVRES_Circuit_du_Loup_de_Douvres_2025,,DOUVRES et AMBRONAY,,Circuit du Loup de Douvres,,,,,,4h,,DOUVRES_Circuit_du_Loup_de_Douvres_2025.gpx,330,0,"Douvres : parking randonnée
Ambronay : parking de l'Abbaye",0.18,11.3,,OUI,"11,3 km",,,jaune,,,330 m,pédestre,,,,,,4,240,,,11311.8781888594,2942
NON,,,,C.C. de la Plaine de l'Ain,{69BDA7D6-AB6A-468C-ABA6-D22B684F9E0D},,Difficile,,DOUVRES_De_Douvres_a_l_Abergement_de_Varey_2025,,DOUVRES et AMBRONAY,,De Douvres à l'Abergement de Varey,,,,,,5h,,DOUVRES_De_Douvres_a_l_Abergement_de_Varey_2025.gpx,690,0,"Douvres : parking randonnée
Ambronay : parking de l'Abbaye",0.21,17.2,,OUI,"17,2 km",,,jaune,,,690 m,pédestre,,,,,,5,300,,,17296.7672505559,2943
NON,,,,C.C. de la Plaine de l'Ain,{1E9DEDC3-61BE-4071-88CA-D35D02D7C4C5},,Moyen,,LOYES_Le_bocage_de_la_Dombes_2025,,LOYES -RIGNIEUX LE FRANC,,Le bocage de la Dombes,,,,,,3h30,,LOYES_Le_bocage_de_la_Dombes_2025.gpx,210,0,"Loyes : parking du jardin public de la pie (D108)
Rignieux : parking rue Neuve (D22c)",0.44,14,,OUI,14 km,,,jaune,,,210 m,pédestre,,,,,,4,210,,,14082.1458617133,2944
NON,,,,C.C. de la Plaine de l'Ain,{9AACAB38-6896-4AAE-89A9-A688311F1AF2},,Difficile,,ORDONNAZ_Le_Mollard_de_Don_2025,,ORDONNAZ,,Le Mollard de Don,,,,,,6h30,,ORDONNAZ_Le_Mollard_de_Don_2025.gpx,550,0,"sur la D32, en sortie de village, direction Lompnas, vers l'abribus",0.21,19.3,,OUI,"19,3 km",,,jaune,,,550 m,pédestre,,,,,,7,390,,,19347.3638964705,2945
NON,,,,C.C. de la Plaine de l'Ain,{AB3A120D-408E-4F47-A388-25BC92602602},,Difficile,,ST_RAMBERT_EN_BUGEY_Chateau_des_Allymes_et_Mont_Luisandre_2025,,SAINT-RAMBERT EN BUGEY,,Château des Allymes et Mont Luisandre,,,,,,7h,,ST_RAMBERT_EN_BUGEY_Chateau_des_Allymes_et_Mont_Luisandre_2025.gpx,870,0,parking du musée des traditions bugistes,0.23,18.6,,OUI,"18,6 km",,,jaune,,,870 m,pédestre,,,,,,7,420,,,18639.9401293707,2946
NON,,,,C.C. de la Plaine de l'Ain,{6E22A72F-25DB-4BD1-95B1-A0E0CD10012C},,Difficile,,ST_RAMBERT_EN_BUGEY_Le col_de_Nivollet_2025.gpx,,SAINT-RAMBERT EN BUGEY,,Le col de Nivollet,,,,,,4h30,,ST_RAMBERT_EN_BUGEY_Le col_de_Nivollet_2025.gpx,448,0,parking du musée des traditions bugistes,0.31,12.9,,OUI,"12,9 km",,,jaune,,,448 m,pédestre,,,,,,5,270,,,12891.7345556148,2947
NON,0,2,,C.C. de la Plaine de l'Ain,{A3844112-58C4-43FC-85F2-64C838B082CA},2,Difficile,15,ST_SORLIN_EN_BUGEY_Le_Pelerin_2025,,ST SORLIN EN BUGEY,7,Le circuit du Pèlerin,13,0,6,20,2,7h30,3,ST_SORLIN_EN_BUGEY_Le_Pelerin_2025.gpx,882,0,parking du foyer rural,0.15,21.4,0,OUI,"21,4 km",6,2,jaune,0,7,882 m,pédestre,2,6,,5,0,8,450,5,3,21404.1881978733,2948
NON,51,2,,C.C. de la Plaine de l'Ain,{2CEF5F18-68A1-4702-972C-CDFAAD29DD0B},2,Difficile,10,TORCIEU_Dorvan_par_la_grotte_du_Crochet_2025,,TORCIEU,7,Dorvan par la Grotte du Crochet,16,0,3,20,2,3h25,3,TORCIEU_Dorvan_par_la_grotte_du_Crochet_2025.gpx,335,0,parking du parcours de santé vers le stade,0.14,10.3,2,OUI,"10,3 km",7,0,jaune,0,7,335 m,pédestre,2,6,,5,0,3,205,5,3,10376.8889249931,2949
NON,39,2,,C.C. de la Plaine de l'Ain,{442399B0-7A74-4250-B78B-5569D70BCA3A},3,Difficile,10,TORCIEU_Les_Prés_Charvet_par_la_Croix_des_Moines_2025,,TORCIEU,0,Les Prés Charvet par la Croix des Moines,16,0,3,13,2,4h50,3,TORCIEU_Les_Prés_Charvet_par_la_Croix_des_Moines_2025.gpx,526,0,parking du parcours de santé vers le stade,0.19,14.2,2,OUI,"14,1 km",6,0,jaune,0,7,526 m,pédestre,2,6,,0,0,0,290,0,3,14162.60938553,2950
NON,53,2,,C.C. de la Plaine de l'Ain,{48A6A977-AAE1-4765-AD0F-E96ED3844851},3,Facile,11,VAUX_EN_BUGEY_Le_sentier_du_Buizin_2025,,VAUX-EN-BUGEY,7,Le sentier du Buizin,14,2,3,20,2,2h40,3,VAUX_EN_BUGEY_Le_sentier_du_Buizin_2025.gpx,172,0,Quai du Buizin,0.34,9,0,OUI,9 km,7,0,jaune,0,7,172 m,pédestre,1,6,,8,0,3,160,8,2,8927.21506371979,2951
NON,54,2,,C.C. de la Plaine de l'Ain,{38FE5E91-0159-4258-A319-F98169BCAA2D},3,Facile,11,VAUX_EN_BUGEY_Les_collines_entre_Buizin_et_Albarine_2025,,VAUX-EN-BUGEY,7,Les collines entre Buizin et Albarine,15,2,0,0,2,2h45,3,VAUX_EN_BUGEY_Les_collines_entre_Buizin_et_Albarine_2025.gpx,233,0,Quai du Buizin,0.13,8.7,0,OUI,"8,7 km",7,0,jaune,0,7,233 m,pédestre,1,6,,8,0,3,155,8,3,8755.458329992,2952
NON,,,,C.C. de la Plaine de l'Ain,{096D053B-486A-4714-BAFA-E848E102BCDB},,Difficile,,VILLEBOIS_Cret_de_Pont_depuis_Villebois_2025,,VILLEBOIS,,Crêt de Pont depuis Villebois,,,,,,6h,,VILLEBOIS_Cret_de_Pont_depuis_Villebois_2025.gpx,760,0,place du Monolithe,0.13,16.4,,OUI,"16,4 km",,,jaune,,,760 m,pédestre,,,,,,6,360,,,16428.8910681646,2953
NON,,,,C.C. de la Plaine de l'Ain,{4987D604-D9D4-4847-9A1F-72F36978C525},,Très facile,,VILLEBOIS_Le_Sentier_des_Hommes_Forts_de_Villebois_2025,,VILLEBOIS,,Le Sentier des Hommes Forts de Villebois,,,,,,1h,,VILLEBOIS_Le_Sentier_des_Hommes_Forts_de_Villebois_2025.gpx,43,0,place du Monolithe,0.39,3.1,,OUI,"3,1 km",,,jaune,,,43 m,pédestre,,,,,,1,60,,,3107.92798754485,2954
NON,,,,C.C. de la Plaine de l'Ain,{1EE51DC9-767D-4AAB-929B-E93B8BD12202},,Difficile,,VILLEBOIS_Les_balcons_de_Souclins_2025,,VILLEBOIS,,Les balcons de Souclin,,,,,,6h30,,VILLEBOIS_Les_balcons_de_Souclins_2025.gpx,635,0,place du Monolithe,0.31,18.7,,OUI,"18,7 km",,,jaune,,,635 m,pédestre,,,,,,7,390,,,18765.2767651691,2955
,,,,,{AD3216E3-D6D1-45D1-BFB6-09BD02B3FDDB},,,,chemin_Assise_troncon_Ain_2025.gpx,,,,Chemin d'Assise,,,,,,,,chemin_Assise_troncon_Ain_2025.gpx,,0,,,125.9,,,,,,,,,,,,,,,,,,,,125908.902412066,2956
,,,,,{074C7463-D4F8-44FE-A9B7-AA828E37736E},,,,Compostelle_Bourg_Ambronay_2025,,,,Compostelle de Bourg à Ambronay ,,,,,,,,Compostelle_Bourg_Ambronay_2025.gpx,,0,,,33,,,,,,,,,,,,,,,,,,,,33030.7854723477,2957
,,,,,{0BA6AD0D-A58B-4771-84D1-7D7C48531D05},,,,Chemin_de_Compostelle_Ain_2025,,,,Chemin de Compostelle,,,,,,,,Chemin_de_Compostelle_Ain_2025.gpx,,0,,,137.9,,,,,,,,,,,,,,,,,,,,137885.844329721,2958
,48,2,"Site emblématique: plan d'eau des Lésine, Site ENS du marais de Vaux équipé de sentier sur pilotis. Tilleul Sully. Point de vue du site de la vierge.",C.A. Haut-Bugey,{AEE9BF3C-0D20-48AD-B5C3-EF4542E2711E},2,Moyen,9,Le_marais_de_Vaux_2025,AIN - 20 Belles Balades dans les ENS,Cormaranche-en-Bugey,7,Marais de Vaux,19,2,3,20,2,3h30,0,Le_marais_de_Vaux_2025.gpx,220,0,Parking de l'étang des Lésines,0.27,11.3,2,OUI,"11,3 km",8,0,Jaune,2,7,220 m,pédestre,2,6,,0,0,4,210,0,3,11307.7608646799,2959
NON,42,2,Nombreux panoramas depuis le bord du plateau,C.A. Haut-Bugey,{A245E6D4-9E21-43AE-A040-9EE3B41F4F0E},3,Difficile,10,Les_falaises_d_Hostiaz_et_la_Charbonniere_Hostiaz_2025,,Hostiaz ,7,Les falaises d'Hostiaz et la Charbonnière,15,0,0,17,2,4h30,0,Les_falaises_d_Hostiaz_et_la_Charbonniere.gpx,445,0,parking de la mairie,0.12,14,0,OUI,"14,7 km",7,0,jaune,0,0,445 m,pédestre,2,3,,0,0,5,270,0,3,14680.2389469954,2960
NON,0,2,,C.A. Haut-Bugey,{BA8E3088-D555-4504-AA4C-4487E45AEF3D},3,Moyen,12,Les_Granges_2025,,Martignat,7,Les Granges,13,0,3,20,2,2h30,3,Les_Granges_2025.gpx,397,0,Complexe sportif du Lange - Grande Rue,0.08,7,0,OUI,7 km,5,2,Jaune,0,7,397 m,pédestre,2,6,,6,8,3,150,13,3,5910.17987582989,2961
NON,58,2,,C.A. Haut-Bugey,{7EE27426-70A9-4C26-B2F1-36056FD01837},0,Difficile,12,Tour_de_la_Grande_Montagne_2025,,Le Poizat-Lalleyriat,7,Tour de la Grande Montagne,13,0,3,20,2,6h30,3,Tour_de_la_Grande_Montagne_2025.gpx,500,0,Parking des Clairmontelles,0.17,18.2,0,OUI,"18,8 km",8,2,Jaune,0,7,500 m,pédestre,2,6,,9,8,7,390,13,3,18222.6946837277,2962
,,,,CDRP,{56EC6CA9-A543-4A73-93EF-9CF3061D7236},,Difficile,,GR59_de_coligny_a_culoz_09_2025,,Divers (GR),,GR59 (de Coligny à Culoz),,,,,,57h,,GR59_De_Coligny_a_Culoz_09_2025.gpx,5710,0,Divers (GR),,198,,OUI,198 km,,,Blanc Rouge,,,5710 m,pédestre,,,,,,57,3420,,,198114.721746511,2963
,,,,CDRP,{700C4290-99F3-4BE7-A243-12868D6FE6E4},,,,GRP_Balcon_du_Valromey_2024,,Culoz,,GRP Balcon du Valromey (5 jours),,,,,,30h,,GRP_Balcon_du_Valromey_2024.gpx,2480,0,Gare Culoz,,112,,OUI,105 km,,,Jaune et blanc/rouge et jaune/rouge,,,2480 m,pédestre,,,,,,30,1800,,,112127.356616636,2964
,,,,CDRP,{6A558E11-75F8-458F-B3FE-905D1D46C664},,Difficile,,GRP_Tour_du_Pays_de_Lhuis_et_d_Izieu_09_2025,,Serrières-de-Briord,,GRP Tour du Pays de Lhuis et d'Izieu (5 jours),,,,,,25h,,GRP_Tour_du_Pays_de_Lhuis_et_d_Izieu_09_2025.gpx,2200,0,Parking de la mairie de Serrières-de-Briord,,86,,OUI,86 km,,,Jaune et blanc/rouge et jaune/rouge,,,2210 m,pédestre,,,,,,25,1500,,,86679.7258588827,2965
NON,48,2,"Etangs, carrefour des 4 marronniers",C.C. de la Dombes,{30EFCE52-20C2-44AF-8F04-7BEE7523FA74},0,Moyen,12,10_L_etang_des_Vavres_2025,Pas d'édition,St-André-de-Corcy,7,L'étang des Vavres,8,0,3,20,2,3h20,3,ST_ANDRE_DE_CORCY_Etang_des_Vavres_2025.gpx,56,0,Parking de la mairie,0.57,13,0,OUI,13 km,6,2,jaune,0,7,56 m,pédestre,2,6,,5,3,3,200,8,0,13020.0418489001,2966
NON,,,,C.A. du Bassin de Bourg-en-Bresse,{AE01DA35-DCEA-43D0-9214-71F71821D6B6},,Moyen,,POLLIAT_Entre_Veyle_et_Irance_2025,,Montcet / Polliat,,Entre Veyle et Irance,,,,,,3h00,,POLLIAT_Entre_Veyle_et_Irance_2025.gpx,65,0,Place de l'église,0.46,11,,OUI,"10,7 km",,,jaune,,,65 m,pédestre,,,,,,3,180,,,10689.6370318224,2967
NON,,,,C.A. du Bassin de Bourg-en-Bresse,{BDACAA3D-C6BD-4046-90BA-7BEF1FB88A37},,Facile,,POLLIAT_Les_moulins_de_Polliat_2025,,Polliat,,Les moulins de Polliat,,,,,,2h20,,POLLIAT_Les_moulins_de_Polliat_2025.gpx,59,0,Parking de la Gare,0.41,8.7,,OUI,"8,7 km",,,jaune,,,59 m,pédestre,,,,,,3,140,,,8657.70026981982,2968
OUI (berge inondée),,,,C.C. Dombes Saône Vallée,{BBA50792-58A8-43A8-B63B-A0997A94D23E},,Très facile,,Autour_de_St_Bernard_2025,,St-Bernard,,Autour de St-Bernard,,,,,,1h15,,Autour_de_St_Bernard_2025.gpx,32,0,Parking avant le pont,0.58,4.7,,OUI,"4,7 km",,,jaune,,,32 m,pédestre,,,locale,,,2,75,,,4786.60683068987,2969
NON,,,,C.A. du Bassin de Bourg-en-Bresse,{5B0A9F75-F1D4-40F0-9242-6A78CE32332C},,Très facile,,PERONNAS_La foret_de_Seillon_2025,,Péronnas,,La forêt de Seillon,,,,,,2h00,,PERONNAS_La foret_de_Seillon_2025.gpx,60,0,Parking de la Chevrerie,0,8,,OUI,8 km,,,jaune,,,60 m,pédestre,,,,,,2,120,,,7991.07715318798,2970
OUI (neige),57,2,"Table d'orientation à ""L'Areta""",C.A. Haut-Bugey,{2857F84D-90C3-44C5-8A5B-8C65BD9CDEC9},3,Facile,17,BRENOD_Circuit_des_3_cascades_2025,"RP Gex* (7), carte Rando OT, Trail",Brénod,7,Circuit des 3 Cascades,15,2,6,20,2,2h00,3,BRENOD_Circuit_des_3_cascades_2025.gpx,120,0,Place de l'église,0.27,4.5,0,OUI,"4,5 km",0,2,Jaune,0,7,120 m,pédestre,2,6,,33,0,2,120,5,3,4452.11745911919,2971
NON,49,2,"Panorama du col d'Evosges, plateau de Narse",C.A. Haut-Bugey,{DB48387A-39AA-4C5C-845E-3FF122E3220F},2,Très facile,12,EVOSGES_Le_plateau_de_Narse_et_le_col_d_Evosges_2025,,Évosges,7,Le plateau de Narse et le col d'Évosges,12,0,6,17,2,1h45,0,EVOSGES_Le_plateau_de_Narse_et_le_col_d_Evosges_2025.gpx,87,0,parking local des pompiers,0.33,6,0,OUI,6 km,6,2,Jaune,0,7,87 m,pédestre,2,3,,0,8,2,90,8,2,5917.01805579915,2972
NON,63,2,,C.C. Rive de l'Ain Pays du Cerdon,{29FBCEEF-73F3-4B24-A064-A9E05A87B3E7},3,Facile,16,PONCIN_Sentier_des_roches_2026,,Poncin,7,Sentier des roches (A/R),20,0,6,17,2,2h00,6,PONCIN_Sentier_des_roches_2026.gpx,230,0,Hameau de la Ceuille,0,6,2,OUI,6 km,8,0,Jaune,2,7,230 m,pédestre,2,3,,5,5,2,120,10,3,6056.55045443011,2973
,,,,CDRP,{64BB3012-C8C7-4373-95F1-50D43619BCA4},,Difficile,,GR_9_2025,,Divers (GR),,GR9 (de Mijoux à Culoz),,,,,,32h,,GR9_De_Mijoux_au_pont_de_la_Loi_2026.gpx,4150,0,Divers (GR),,104,,OUI,104 km,,,Blanc Rouge,,,4150 m,pédestre,,,,,,32,1920,,,103628.438436022,2974
